rang;code_insee;nom;departement;niveau;commune_parent;population;assos_sport;assos_fun;assos_culture;assos_wellness;assos_family;assos_business;assos_alumni;assos_asso;assos_gaming;assos_nature;assos_other;assos_total;clubs_sport;licences_sport;equipements_sportifs;assos_per_1k;licences_per_1k;equipements_per_1k;score_potentiel_RLL;score_composants;score_note;codes_postaux
1.0;75056;Paris;75;commune;75056;2103778;;;;;;;;;;;;;;;;;;;;aucune source de comptage disponible (voir sources);HEURISTIQUE — moyenne de z-scores (communes IDF), pas une estimation de marché;75001|75002|75003|75004|75005|75006|75007|75008|75009|75010|75011|75012|75013|75014|75015|75016|75116|75017|75018|75019|75020
;75115;Paris 15e Arrondissement;75;arrondissement;75056;229713;;;;;;;;;;;;;;;;;;;;aucune source de comptage disponible (voir sources);HEURISTIQUE — moyenne de z-scores (communes IDF), pas une estimation de marché;75015
;75120;Paris 20e Arrondissement;75;arrondissement;75056;185140;;;;;;;;;;;;;;;;;;;;aucune source de comptage disponible (voir sources);HEURISTIQUE — moyenne de z-scores (communes IDF), pas une estimation de marché;75020
;75118;Paris 18e Arrondissement;75;arrondissement;75056;183127;;;;;;;;;;;;;;;;;;;;aucune source de comptage disponible (voir sources);HEURISTIQUE — moyenne de z-scores (communes IDF), pas une estimation de marché;75018
;75113;Paris 13e Arrondissement;75;arrondissement;75056;181271;;;;;;;;;;;;;;;;;;;;aucune source de comptage disponible (voir sources);HEURISTIQUE — moyenne de z-scores (communes IDF), pas une estimation de marché;75013
;75119;Paris 19e Arrondissement;75;arrondissement;75056;178691;;;;;;;;;;;;;;;;;;;;aucune source de comptage disponible (voir sources);HEURISTIQUE — moyenne de z-scores (communes IDF), pas une estimation de marché;75019
;75116;Paris 16e Arrondissement;75;arrondissement;75056;159386;;;;;;;;;;;;;;;;;;;;aucune source de comptage disponible (voir sources);HEURISTIQUE — moyenne de z-scores (communes IDF), pas une estimation de marché;75016|75116
;75117;Paris 17e Arrondissement;75;arrondissement;75056;159212;;;;;;;;;;;;;;;;;;;;aucune source de comptage disponible (voir sources);HEURISTIQUE — moyenne de z-scores (communes IDF), pas une estimation de marché;75017
2.0;93066;Saint-Denis;93;commune;93066;149077;;;;;;;;;;;;;;;;;;;;aucune source de comptage disponible (voir sources);HEURISTIQUE — moyenne de z-scores (communes IDF), pas une estimation de marché;93200|93210|93380
;75111;Paris 11e Arrondissement;75;arrondissement;75056;138170;;;;;;;;;;;;;;;;;;;;aucune source de comptage disponible (voir sources);HEURISTIQUE — moyenne de z-scores (communes IDF), pas une estimation de marché;75011
;75112;Paris 12e Arrondissement;75;arrondissement;75056;138024;;;;;;;;;;;;;;;;;;;;aucune source de comptage disponible (voir sources);HEURISTIQUE — moyenne de z-scores (communes IDF), pas une estimation de marché;75012
;75114;Paris 14e Arrondissement;75;arrondissement;75056;136455;;;;;;;;;;;;;;;;;;;;aucune source de comptage disponible (voir sources);HEURISTIQUE — moyenne de z-scores (communes IDF), pas une estimation de marché;75014
3.0;92012;Boulogne-Billancourt;92;commune;92012;119019;;;;;;;;;;;;;;;;;;;;aucune source de comptage disponible (voir sources);HEURISTIQUE — moyenne de z-scores (communes IDF), pas une estimation de marché;92100
4.0;93048;Montreuil;93;commune;93048;111934;;;;;;;;;;;;;;;;;;;;aucune source de comptage disponible (voir sources);HEURISTIQUE — moyenne de z-scores (communes IDF), pas une estimation de marché;93100
5.0;95018;Argenteuil;95;commune;95018;106130;;;;;;;;;;;;;;;;;;;;aucune source de comptage disponible (voir sources);HEURISTIQUE — moyenne de z-scores (communes IDF), pas une estimation de marché;95100
6.0;92050;Nanterre;92;commune;92050;97783;;;;;;;;;;;;;;;;;;;;aucune source de comptage disponible (voir sources);HEURISTIQUE — moyenne de z-scores (communes IDF), pas une estimation de marché;92000
7.0;94081;Vitry-sur-Seine;94;commune;94081;93963;;;;;;;;;;;;;;;;;;;;aucune source de comptage disponible (voir sources);HEURISTIQUE — moyenne de z-scores (communes IDF), pas une estimation de marché;94400
8.0;92004;Asnières-sur-Seine;92;commune;92004;93941;;;;;;;;;;;;;;;;;;;;aucune source de comptage disponible (voir sources);HEURISTIQUE — moyenne de z-scores (communes IDF), pas une estimation de marché;92600
9.0;94028;Créteil;94;commune;94028;93397;;;;;;;;;;;;;;;;;;;;aucune source de comptage disponible (voir sources);HEURISTIQUE — moyenne de z-scores (communes IDF), pas une estimation de marché;94000
10.0;92025;Colombes;92;commune;92025;91053;;;;;;;;;;;;;;;;;;;;aucune source de comptage disponible (voir sources);HEURISTIQUE — moyenne de z-scores (communes IDF), pas une estimation de marché;92700
11.0;93001;Aubervilliers;93;commune;93001;88365;;;;;;;;;;;;;;;;;;;;aucune source de comptage disponible (voir sources);HEURISTIQUE — moyenne de z-scores (communes IDF), pas une estimation de marché;93300
12.0;93005;Aulnay-sous-Bois;93;commune;93005;87599;;;;;;;;;;;;;;;;;;;;aucune source de comptage disponible (voir sources);HEURISTIQUE — moyenne de z-scores (communes IDF), pas une estimation de marché;93600
13.0;78646;Versailles;78;commune;78646;84095;;;;;;;;;;;;;;;;;;;;aucune source de comptage disponible (voir sources);HEURISTIQUE — moyenne de z-scores (communes IDF), pas une estimation de marché;78000
;75110;Paris 10e Arrondissement;75;arrondissement;75056;83873;;;;;;;;;;;;;;;;;;;;aucune source de comptage disponible (voir sources);HEURISTIQUE — moyenne de z-scores (communes IDF), pas une estimation de marché;75010
14.0;92026;Courbevoie;92;commune;92026;82902;;;;;;;;;;;;;;;;;;;;aucune source de comptage disponible (voir sources);HEURISTIQUE — moyenne de z-scores (communes IDF), pas une estimation de marché;92400
15.0;92063;Rueil-Malmaison;92;commune;92063;82874;;;;;;;;;;;;;;;;;;;;aucune source de comptage disponible (voir sources);HEURISTIQUE — moyenne de z-scores (communes IDF), pas une estimation de marché;92500
16.0;94017;Champigny-sur-Marne;94;commune;94017;78072;;;;;;;;;;;;;;;;;;;;aucune source de comptage disponible (voir sources);HEURISTIQUE — moyenne de z-scores (communes IDF), pas une estimation de marché;94500
17.0;94068;Saint-Maur-des-Fossés;94;commune;94068;76572;;;;;;;;;;;;;;;;;;;;aucune source de comptage disponible (voir sources);HEURISTIQUE — moyenne de z-scores (communes IDF), pas une estimation de marché;94100|94210
18.0;93051;Noisy-le-Grand;93;commune;93051;72978;;;;;;;;;;;;;;;;;;;;aucune source de comptage disponible (voir sources);HEURISTIQUE — moyenne de z-scores (communes IDF), pas une estimation de marché;93160
19.0;93029;Drancy;93;commune;93029;72390;;;;;;;;;;;;;;;;;;;;aucune source de comptage disponible (voir sources);HEURISTIQUE — moyenne de z-scores (communes IDF), pas une estimation de marché;93700
20.0;95127;Cergy;95;commune;95127;70906;;;;;;;;;;;;;;;;;;;;aucune source de comptage disponible (voir sources);HEURISTIQUE — moyenne de z-scores (communes IDF), pas une estimation de marché;95000|95800
21.0;92044;Levallois-Perret;92;commune;92044;68092;;;;;;;;;;;;;;;;;;;;aucune source de comptage disponible (voir sources);HEURISTIQUE — moyenne de z-scores (communes IDF), pas une estimation de marché;92300
22.0;92040;Issy-les-Moulineaux;92;commune;92040;67669;;;;;;;;;;;;;;;;;;;;aucune source de comptage disponible (voir sources);HEURISTIQUE — moyenne de z-scores (communes IDF), pas une estimation de marché;92130
23.0;91228;Évry-Courcouronnes;91;commune;91228;66919;;;;;;;;;;;;;;;;;;;;aucune source de comptage disponible (voir sources);HEURISTIQUE — moyenne de z-scores (communes IDF), pas une estimation de marché;91000|91080
24.0;94041;Ivry-sur-Seine;94;commune;94041;65064;;;;;;;;;;;;;;;;;;;;aucune source de comptage disponible (voir sources);HEURISTIQUE — moyenne de z-scores (communes IDF), pas une estimation de marché;94200
25.0;92024;Clichy;92;commune;92024;64410;;;;;;;;;;;;;;;;;;;;aucune source de comptage disponible (voir sources);HEURISTIQUE — moyenne de z-scores (communes IDF), pas une estimation de marché;92110
26.0;92002;Antony;92;commune;92002;64263;;;;;;;;;;;;;;;;;;;;aucune source de comptage disponible (voir sources);HEURISTIQUE — moyenne de z-scores (communes IDF), pas une estimation de marché;92160
27.0;93007;Le Blanc-Mesnil;93;commune;93007;62376;;;;;;;;;;;;;;;;;;;;aucune source de comptage disponible (voir sources);HEURISTIQUE — moyenne de z-scores (communes IDF), pas une estimation de marché;93150
28.0;93055;Pantin;93;commune;93055;61929;;;;;;;;;;;;;;;;;;;;aucune source de comptage disponible (voir sources);HEURISTIQUE — moyenne de z-scores (communes IDF), pas une estimation de marché;93500
29.0;94076;Villejuif;94;commune;94076;60183;;;;;;;;;;;;;;;;;;;;aucune source de comptage disponible (voir sources);HEURISTIQUE — moyenne de z-scores (communes IDF), pas une estimation de marché;94800
30.0;92051;Neuilly-sur-Seine;92;commune;92051;59538;;;;;;;;;;;;;;;;;;;;aucune source de comptage disponible (voir sources);HEURISTIQUE — moyenne de z-scores (communes IDF), pas une estimation de marché;92200
31.0;95585;Sarcelles;95;commune;95585;59173;;;;;;;;;;;;;;;;;;;;aucune source de comptage disponible (voir sources);HEURISTIQUE — moyenne de z-scores (communes IDF), pas une estimation de marché;95200
32.0;92023;Clamart;92;commune;92023;58576;;;;;;;;;;;;;;;;;;;;aucune source de comptage disponible (voir sources);HEURISTIQUE — moyenne de z-scores (communes IDF), pas une estimation de marché;92140
;75109;Paris 9e Arrondissement;75;arrondissement;75056;57271;;;;;;;;;;;;;;;;;;;;aucune source de comptage disponible (voir sources);HEURISTIQUE — moyenne de z-scores (communes IDF), pas une estimation de marché;75009
33.0;93008;Bobigny;93;commune;93008;56927;;;;;;;;;;;;;;;;;;;;aucune source de comptage disponible (voir sources);HEURISTIQUE — moyenne de z-scores (communes IDF), pas une estimation de marché;93000
34.0;77284;Meaux;77;commune;77284;56905;;;;;;;;;;;;;;;;;;;;aucune source de comptage disponible (voir sources);HEURISTIQUE — moyenne de z-scores (communes IDF), pas une estimation de marché;77100
35.0;94046;Maisons-Alfort;94;commune;94046;56799;;;;;;;;;;;;;;;;;;;;aucune source de comptage disponible (voir sources);HEURISTIQUE — moyenne de z-scores (communes IDF), pas une estimation de marché;94700
;75105;Paris 5e Arrondissement;75;arrondissement;75056;55252;;;;;;;;;;;;;;;;;;;;aucune source de comptage disponible (voir sources);HEURISTIQUE — moyenne de z-scores (communes IDF), pas une estimation de marché;75005
36.0;77108;Chelles;77;commune;77108;54620;;;;;;;;;;;;;;;;;;;;aucune source de comptage disponible (voir sources);HEURISTIQUE — moyenne de z-scores (communes IDF), pas une estimation de marché;77500
37.0;91174;Corbeil-Essonnes;91;commune;91174;54471;;;;;;;;;;;;;;;;;;;;aucune source de comptage disponible (voir sources);HEURISTIQUE — moyenne de z-scores (communes IDF), pas une estimation de marché;91100
38.0;94033;Fontenay-sous-Bois;94;commune;94033;53757;;;;;;;;;;;;;;;;;;;;aucune source de comptage disponible (voir sources);HEURISTIQUE — moyenne de z-scores (communes IDF), pas une estimation de marché;94120
39.0;93070;Saint-Ouen-sur-Seine;93;commune;93070;53615;;;;;;;;;;;;;;;;;;;;aucune source de comptage disponible (voir sources);HEURISTIQUE — moyenne de z-scores (communes IDF), pas une estimation de marché;93400
40.0;93031;Épinay-sur-Seine;93;commune;93031;52833;;;;;;;;;;;;;;;;;;;;aucune source de comptage disponible (voir sources);HEURISTIQUE — moyenne de z-scores (communes IDF), pas une estimation de marché;93800
41.0;78586;Sartrouville;78;commune;78586;52763;;;;;;;;;;;;;;;;;;;;aucune source de comptage disponible (voir sources);HEURISTIQUE — moyenne de z-scores (communes IDF), pas une estimation de marché;78500
42.0;93071;Sevran;93;commune;93071;52535;;;;;;;;;;;;;;;;;;;;aucune source de comptage disponible (voir sources);HEURISTIQUE — moyenne de z-scores (communes IDF), pas une estimation de marché;93270
43.0;91377;Massy;91;commune;91377;51729;;;;;;;;;;;;;;;;;;;;aucune source de comptage disponible (voir sources);HEURISTIQUE — moyenne de z-scores (communes IDF), pas une estimation de marché;91300
44.0;92036;Gennevilliers;92;commune;92036;50979;;;;;;;;;;;;;;;;;;;;aucune source de comptage disponible (voir sources);HEURISTIQUE — moyenne de z-scores (communes IDF), pas une estimation de marché;92230
45.0;93010;Bondy;93;commune;93010;50595;;;;;;;;;;;;;;;;;;;;aucune source de comptage disponible (voir sources);HEURISTIQUE — moyenne de z-scores (communes IDF), pas une estimation de marché;93140
46.0;92073;Suresnes;92;commune;92073;48956;;;;;;;;;;;;;;;;;;;;aucune source de comptage disponible (voir sources);HEURISTIQUE — moyenne de z-scores (communes IDF), pas une estimation de marché;92150
47.0;94080;Vincennes;94;commune;94080;48193;;;;;;;;;;;;;;;;;;;;aucune source de comptage disponible (voir sources);HEURISTIQUE — moyenne de z-scores (communes IDF), pas une estimation de marché;94300
;75107;Paris 7e Arrondissement;75;arrondissement;75056;48015;;;;;;;;;;;;;;;;;;;;aucune source de comptage disponible (voir sources);HEURISTIQUE — moyenne de z-scores (communes IDF), pas une estimation de marché;75007
48.0;93046;Livry-Gargan;93;commune;93046;47228;;;;;;;;;;;;;;;;;;;;aucune source de comptage disponible (voir sources);HEURISTIQUE — moyenne de z-scores (communes IDF), pas une estimation de marché;93190
49.0;93064;Rosny-sous-Bois;93;commune;93064;47180;;;;;;;;;;;;;;;;;;;;aucune source de comptage disponible (voir sources);HEURISTIQUE — moyenne de z-scores (communes IDF), pas une estimation de marché;93110
50.0;93027;La Courneuve;93;commune;93027;47167;;;;;;;;;;;;;;;;;;;;aucune source de comptage disponible (voir sources);HEURISTIQUE — moyenne de z-scores (communes IDF), pas une estimation de marché;93120
51.0;92048;Meudon;92;commune;92048;46334;;;;;;;;;;;;;;;;;;;;aucune source de comptage disponible (voir sources);HEURISTIQUE — moyenne de z-scores (communes IDF), pas une estimation de marché;92190|92360
52.0;92049;Montrouge;92;commune;92049;46324;;;;;;;;;;;;;;;;;;;;aucune source de comptage disponible (voir sources);HEURISTIQUE — moyenne de z-scores (communes IDF), pas une estimation de marché;92120
53.0;77288;Melun;77;commune;77288;45995;;;;;;;;;;;;;;;;;;;;aucune source de comptage disponible (voir sources);HEURISTIQUE — moyenne de z-scores (communes IDF), pas une estimation de marché;77000
54.0;94022;Choisy-le-Roi;94;commune;94022;45946;;;;;;;;;;;;;;;;;;;;aucune source de comptage disponible (voir sources);HEURISTIQUE — moyenne de z-scores (communes IDF), pas une estimation de marché;94600
55.0;78551;Saint-Germain-en-Laye;78;commune;78551;45931;;;;;;;;;;;;;;;;;;;;aucune source de comptage disponible (voir sources);HEURISTIQUE — moyenne de z-scores (communes IDF), pas une estimation de marché;78100|78112
56.0;94002;Alfortville;94;commune;94002;45531;;;;;;;;;;;;;;;;;;;;aucune source de comptage disponible (voir sources);HEURISTIQUE — moyenne de z-scores (communes IDF), pas une estimation de marché;94140
57.0;93053;Noisy-le-Sec;93;commune;93053;45510;;;;;;;;;;;;;;;;;;;;aucune source de comptage disponible (voir sources);HEURISTIQUE — moyenne de z-scores (communes IDF), pas une estimation de marché;93130
58.0;92007;Bagneux;92;commune;92007;44572;;;;;;;;;;;;;;;;;;;;aucune source de comptage disponible (voir sources);HEURISTIQUE — moyenne de z-scores (communes IDF), pas une estimation de marché;92220
59.0;92062;Puteaux;92;commune;92062;44002;;;;;;;;;;;;;;;;;;;;aucune source de comptage disponible (voir sources);HEURISTIQUE — moyenne de z-scores (communes IDF), pas une estimation de marché;92800
60.0;78361;Mantes-la-Jolie;78;commune;78361;43526;;;;;;;;;;;;;;;;;;;;aucune source de comptage disponible (voir sources);HEURISTIQUE — moyenne de z-scores (communes IDF), pas une estimation de marché;78200
61.0;93006;Bagnolet;93;commune;93006;43086;;;;;;;;;;;;;;;;;;;;aucune source de comptage disponible (voir sources);HEURISTIQUE — moyenne de z-scores (communes IDF), pas une estimation de marché;93170
62.0;93032;Gagny;93;commune;93032;42313;;;;;;;;;;;;;;;;;;;;aucune source de comptage disponible (voir sources);HEURISTIQUE — moyenne de z-scores (communes IDF), pas une estimation de marché;93220
63.0;95268;Garges-lès-Gonesse;95;commune;95268;41791;;;;;;;;;;;;;;;;;;;;aucune source de comptage disponible (voir sources);HEURISTIQUE — moyenne de z-scores (communes IDF), pas une estimation de marché;95140
64.0;93078;Villepinte;93;commune;93078;41470;;;;;;;;;;;;;;;;;;;;aucune source de comptage disponible (voir sources);HEURISTIQUE — moyenne de z-scores (communes IDF), pas une estimation de marché;93420
65.0;93072;Stains;93;commune;93072;41388;;;;;;;;;;;;;;;;;;;;aucune source de comptage disponible (voir sources);HEURISTIQUE — moyenne de z-scores (communes IDF), pas une estimation de marché;93240
66.0;78498;Poissy;78;commune;78498;40983;;;;;;;;;;;;;;;;;;;;aucune source de comptage disponible (voir sources);HEURISTIQUE — moyenne de z-scores (communes IDF), pas une estimation de marché;78300
;75106;Paris 6e Arrondissement;75;arrondissement;75056;40389;;;;;;;;;;;;;;;;;;;;aucune source de comptage disponible (voir sources);HEURISTIQUE — moyenne de z-scores (communes IDF), pas une estimation de marché;75006
67.0;93050;Neuilly-sur-Marne;93;commune;93050;39800;;;;;;;;;;;;;;;;;;;;aucune source de comptage disponible (voir sources);HEURISTIQUE — moyenne de z-scores (communes IDF), pas une estimation de marché;93330
68.0;77373;Pontault-Combault;77;commune;77373;39096;;;;;;;;;;;;;;;;;;;;aucune source de comptage disponible (voir sources);HEURISTIQUE — moyenne de z-scores (communes IDF), pas une estimation de marché;77340
69.0;93073;Tremblay-en-France;93;commune;93073;38348;;;;;;;;;;;;;;;;;;;;aucune source de comptage disponible (voir sources);HEURISTIQUE — moyenne de z-scores (communes IDF), pas une estimation de marché;93290
70.0;95252;Franconville;95;commune;95252;37754;;;;;;;;;;;;;;;;;;;;aucune source de comptage disponible (voir sources);HEURISTIQUE — moyenne de z-scores (communes IDF), pas une estimation de marché;95130
71.0;91589;Savigny-sur-Orge;91;commune;91589;37601;;;;;;;;;;;;;;;;;;;;aucune source de comptage disponible (voir sources);HEURISTIQUE — moyenne de z-scores (communes IDF), pas une estimation de marché;91600
72.0;91477;Palaiseau;91;commune;91477;37471;;;;;;;;;;;;;;;;;;;;aucune source de comptage disponible (voir sources);HEURISTIQUE — moyenne de z-scores (communes IDF), pas une estimation de marché;91120
73.0;93063;Romainville;93;commune;93063;37152;;;;;;;;;;;;;;;;;;;;aucune source de comptage disponible (voir sources);HEURISTIQUE — moyenne de z-scores (communes IDF), pas une estimation de marché;93230
74.0;78172;Conflans-Sainte-Honorine;78;commune;78172;36958;;;;;;;;;;;;;;;;;;;;aucune source de comptage disponible (voir sources);HEURISTIQUE — moyenne de z-scores (communes IDF), pas une estimation de marché;78700
75.0;92020;Châtillon;92;commune;92020;36705;;;;;;;;;;;;;;;;;;;;aucune source de comptage disponible (voir sources);HEURISTIQUE — moyenne de z-scores (communes IDF), pas une estimation de marché;92320
76.0;91027;Athis-Mons;91;commune;91027;36613;;;;;;;;;;;;;;;;;;;;aucune source de comptage disponible (voir sources);HEURISTIQUE — moyenne de z-scores (communes IDF), pas une estimation de marché;91200
77.0;95063;Bezons;95;commune;95063;36434;;;;;;;;;;;;;;;;;;;;aucune source de comptage disponible (voir sources);HEURISTIQUE — moyenne de z-scores (communes IDF), pas une estimation de marché;95870
78.0;94078;Villeneuve-Saint-Georges;94;commune;94078;36221;;;;;;;;;;;;;;;;;;;;aucune source de comptage disponible (voir sources);HEURISTIQUE — moyenne de z-scores (communes IDF), pas une estimation de marché;94190
79.0;92019;Châtenay-Malabry;92;commune;92019;35825;;;;;;;;;;;;;;;;;;;;aucune source de comptage disponible (voir sources);HEURISTIQUE — moyenne de z-scores (communes IDF), pas une estimation de marché;92290
80.0;91549;Sainte-Geneviève-des-Bois;91;commune;91549;35438;;;;;;;;;;;;;;;;;;;;aucune source de comptage disponible (voir sources);HEURISTIQUE — moyenne de z-scores (communes IDF), pas une estimation de marché;91700
;75108;Paris 8e Arrondissement;75;arrondissement;75056;35317;;;;;;;;;;;;;;;;;;;;aucune source de comptage disponible (voir sources);HEURISTIQUE — moyenne de z-scores (communes IDF), pas une estimation de marché;75008
81.0;94058;Le Perreux-sur-Marne;94;commune;94058;35260;;;;;;;;;;;;;;;;;;;;aucune source de comptage disponible (voir sources);HEURISTIQUE — moyenne de z-scores (communes IDF), pas une estimation de marché;94170
82.0;78621;Trappes;78;commune;78621;34689;;;;;;;;;;;;;;;;;;;;aucune source de comptage disponible (voir sources);HEURISTIQUE — moyenne de z-scores (communes IDF), pas une estimation de marché;78190
83.0;78440;Les Mureaux;78;commune;78440;34632;;;;;;;;;;;;;;;;;;;;aucune source de comptage disponible (voir sources);HEURISTIQUE — moyenne de z-scores (communes IDF), pas une estimation de marché;78130
84.0;78311;Houilles;78;commune;78311;33983;;;;;;;;;;;;;;;;;;;;aucune source de comptage disponible (voir sources);HEURISTIQUE — moyenne de z-scores (communes IDF), pas une estimation de marché;78800
85.0;94079;Villiers-sur-Marne;94;commune;94079;33162;;;;;;;;;;;;;;;;;;;;aucune source de comptage disponible (voir sources);HEURISTIQUE — moyenne de z-scores (communes IDF), pas une estimation de marché;94350
86.0;94073;Thiais;94;commune;94073;32918;;;;;;;;;;;;;;;;;;;;aucune source de comptage disponible (voir sources);HEURISTIQUE — moyenne de z-scores (communes IDF), pas une estimation de marché;94320
87.0;78423;Montigny-le-Bretonneux;78;commune;78423;32465;;;;;;;;;;;;;;;;;;;;aucune source de comptage disponible (voir sources);HEURISTIQUE — moyenne de z-scores (communes IDF), pas une estimation de marché;78180
88.0;94052;Nogent-sur-Marne;94;commune;94052;32455;;;;;;;;;;;;;;;;;;;;aucune source de comptage disponible (voir sources);HEURISTIQUE — moyenne de z-scores (communes IDF), pas une estimation de marché;94130
;75103;Paris 3e Arrondissement;75;arrondissement;75056;32179;;;;;;;;;;;;;;;;;;;;aucune source de comptage disponible (voir sources);HEURISTIQUE — moyenne de z-scores (communes IDF), pas une estimation de marché;75003
89.0;95500;Pontoise;95;commune;95500;31970;;;;;;;;;;;;;;;;;;;;aucune source de comptage disponible (voir sources);HEURISTIQUE — moyenne de z-scores (communes IDF), pas une estimation de marché;95000|95300
90.0;78490;Plaisir;78;commune;78490;31811;;;;;;;;;;;;;;;;;;;;aucune source de comptage disponible (voir sources);HEURISTIQUE — moyenne de z-scores (communes IDF), pas une estimation de marché;78370
91.0;95306;Herblay-sur-Seine;95;commune;95306;31779;;;;;;;;;;;;;;;;;;;;aucune source de comptage disponible (voir sources);HEURISTIQUE — moyenne de z-scores (communes IDF), pas une estimation de marché;95220
92.0;91657;Vigneux-sur-Seine;91;commune;91657;31466;;;;;;;;;;;;;;;;;;;;aucune source de comptage disponible (voir sources);HEURISTIQUE — moyenne de z-scores (communes IDF), pas une estimation de marché;91270
93.0;95280;Goussainville;95;commune;95280;31301;;;;;;;;;;;;;;;;;;;;aucune source de comptage disponible (voir sources);HEURISTIQUE — moyenne de z-scores (communes IDF), pas une estimation de marché;95190
94.0;91521;Ris-Orangis;91;commune;91521;31189;;;;;;;;;;;;;;;;;;;;aucune source de comptage disponible (voir sources);HEURISTIQUE — moyenne de z-scores (communes IDF), pas une estimation de marché;91130
95.0;94038;L'Haÿ-les-Roses;94;commune;94038;31188;;;;;;;;;;;;;;;;;;;;aucune source de comptage disponible (voir sources);HEURISTIQUE — moyenne de z-scores (communes IDF), pas une estimation de marché;94240
96.0;77445;Savigny-le-Temple;77;commune;77445;31148;;;;;;;;;;;;;;;;;;;;aucune source de comptage disponible (voir sources);HEURISTIQUE — moyenne de z-scores (communes IDF), pas une estimation de marché;77176
97.0;94016;Cachan;94;commune;94016;31103;;;;;;;;;;;;;;;;;;;;aucune source de comptage disponible (voir sources);HEURISTIQUE — moyenne de z-scores (communes IDF), pas une estimation de marché;94230
98.0;91687;Viry-Châtillon;91;commune;91687;30838;;;;;;;;;;;;;;;;;;;;aucune source de comptage disponible (voir sources);HEURISTIQUE — moyenne de z-scores (communes IDF), pas une estimation de marché;91170
99.0;78158;Le Chesnay-Rocquencourt;78;commune;78158;30689;;;;;;;;;;;;;;;;;;;;aucune source de comptage disponible (voir sources);HEURISTIQUE — moyenne de z-scores (communes IDF), pas une estimation de marché;78150
100.0;78146;Chatou;78;commune;78146;30598;;;;;;;;;;;;;;;;;;;;aucune source de comptage disponible (voir sources);HEURISTIQUE — moyenne de z-scores (communes IDF), pas une estimation de marché;78400
101.0;92046;Malakoff;92;commune;92046;30557;;;;;;;;;;;;;;;;;;;;aucune source de comptage disponible (voir sources);HEURISTIQUE — moyenne de z-scores (communes IDF), pas une estimation de marché;92240
102.0;92035;La Garenne-Colombes;92;commune;92035;30197;;;;;;;;;;;;;;;;;;;;aucune source de comptage disponible (voir sources);HEURISTIQUE — moyenne de z-scores (communes IDF), pas une estimation de marché;92250
103.0;91201;Draveil;91;commune;91201;30098;;;;;;;;;;;;;;;;;;;;aucune source de comptage disponible (voir sources);HEURISTIQUE — moyenne de z-scores (communes IDF), pas une estimation de marché;91210
104.0;95680;Villiers-le-Bel;95;commune;95680;30053;;;;;;;;;;;;;;;;;;;;aucune source de comptage disponible (voir sources);HEURISTIQUE — moyenne de z-scores (communes IDF), pas une estimation de marché;95400
105.0;92064;Saint-Cloud;92;commune;92064;29855;;;;;;;;;;;;;;;;;;;;aucune source de comptage disponible (voir sources);HEURISTIQUE — moyenne de z-scores (communes IDF), pas une estimation de marché;92210
106.0;93077;Villemomble;93;commune;93077;29795;;;;;;;;;;;;;;;;;;;;aucune source de comptage disponible (voir sources);HEURISTIQUE — moyenne de z-scores (communes IDF), pas une estimation de marché;93250
107.0;78297;Guyancourt;78;commune;78297;29778;;;;;;;;;;;;;;;;;;;;aucune source de comptage disponible (voir sources);HEURISTIQUE — moyenne de z-scores (communes IDF), pas une estimation de marché;78280
108.0;94034;Fresnes;94;commune;94034;29528;;;;;;;;;;;;;;;;;;;;aucune source de comptage disponible (voir sources);HEURISTIQUE — moyenne de z-scores (communes IDF), pas une estimation de marché;94260
109.0;95219;Ermont;95;commune;95219;29489;;;;;;;;;;;;;;;;;;;;aucune source de comptage disponible (voir sources);HEURISTIQUE — moyenne de z-scores (communes IDF), pas une estimation de marché;95120
110.0;93014;Clichy-sous-Bois;93;commune;93014;29354;;;;;;;;;;;;;;;;;;;;aucune source de comptage disponible (voir sources);HEURISTIQUE — moyenne de z-scores (communes IDF), pas une estimation de marché;93390
111.0;92009;Bois-Colombes;92;commune;92009;28909;;;;;;;;;;;;;;;;;;;;aucune source de comptage disponible (voir sources);HEURISTIQUE — moyenne de z-scores (communes IDF), pas une estimation de marché;92270
112.0;92060;Le Plessis-Robinson;92;commune;92060;28848;;;;;;;;;;;;;;;;;;;;aucune source de comptage disponible (voir sources);HEURISTIQUE — moyenne de z-scores (communes IDF), pas une estimation de marché;92350
113.0;94018;Charenton-le-Pont;94;commune;94018;28830;;;;;;;;;;;;;;;;;;;;aucune source de comptage disponible (voir sources);HEURISTIQUE — moyenne de z-scores (communes IDF), pas une estimation de marché;94220
114.0;93047;Montfermeil;93;commune;93047;28703;;;;;;;;;;;;;;;;;;;;aucune source de comptage disponible (voir sources);HEURISTIQUE — moyenne de z-scores (communes IDF), pas une estimation de marché;93370
115.0;92075;Vanves;92;commune;92075;28622;;;;;;;;;;;;;;;;;;;;aucune source de comptage disponible (voir sources);HEURISTIQUE — moyenne de z-scores (communes IDF), pas une estimation de marché;92170
116.0;91691;Yerres;91;commune;91691;27906;;;;;;;;;;;;;;;;;;;;aucune source de comptage disponible (voir sources);HEURISTIQUE — moyenne de z-scores (communes IDF), pas une estimation de marché;91330
117.0;94071;Sucy-en-Brie;94;commune;94071;27764;;;;;;;;;;;;;;;;;;;;aucune source de comptage disponible (voir sources);HEURISTIQUE — moyenne de z-scores (communes IDF), pas une estimation de marché;94370
118.0;78517;Rambouillet;78;commune;78517;27724;;;;;;;;;;;;;;;;;;;;aucune source de comptage disponible (voir sources);HEURISTIQUE — moyenne de z-scores (communes IDF), pas une estimation de marché;78120
119.0;95277;Gonesse;95;commune;95277;27707;;;;;;;;;;;;;;;;;;;;aucune source de comptage disponible (voir sources);HEURISTIQUE — moyenne de z-scores (communes IDF), pas une estimation de marché;95500
120.0;95607;Taverny;95;commune;95607;27593;;;;;;;;;;;;;;;;;;;;aucune source de comptage disponible (voir sources);HEURISTIQUE — moyenne de z-scores (communes IDF), pas une estimation de marché;95150
121.0;77058;Bussy-Saint-Georges;77;commune;77058;27498;;;;;;;;;;;;;;;;;;;;aucune source de comptage disponible (voir sources);HEURISTIQUE — moyenne de z-scores (communes IDF), pas une estimation de marché;77600
122.0;77083;Champs-sur-Marne;77;commune;77083;27451;;;;;;;;;;;;;;;;;;;;aucune source de comptage disponible (voir sources);HEURISTIQUE — moyenne de z-scores (communes IDF), pas une estimation de marché;77420
123.0;94044;Limeil-Brévannes;94;commune;94044;27406;;;;;;;;;;;;;;;;;;;;aucune source de comptage disponible (voir sources);HEURISTIQUE — moyenne de z-scores (communes IDF), pas une estimation de marché;94450
;75104;Paris 4e Arrondissement;75;arrondissement;75056;27332;;;;;;;;;;;;;;;;;;;;aucune source de comptage disponible (voir sources);HEURISTIQUE — moyenne de z-scores (communes IDF), pas une estimation de marché;75004
124.0;95176;Cormeilles-en-Parisis;95;commune;95176;27292;;;;;;;;;;;;;;;;;;;;aucune source de comptage disponible (voir sources);HEURISTIQUE — moyenne de z-scores (communes IDF), pas une estimation de marché;95240
125.0;77514;Villeparisis;77;commune;77514;26946;;;;;;;;;;;;;;;;;;;;aucune source de comptage disponible (voir sources);HEURISTIQUE — moyenne de z-scores (communes IDF), pas une estimation de marché;77270
126.0;95582;Sannois;95;commune;95582;26924;;;;;;;;;;;;;;;;;;;;aucune source de comptage disponible (voir sources);HEURISTIQUE — moyenne de z-scores (communes IDF), pas une estimation de marché;95110
127.0;91223;Étampes;91;commune;91223;26857;;;;;;;;;;;;;;;;;;;;aucune source de comptage disponible (voir sources);HEURISTIQUE — moyenne de z-scores (communes IDF), pas une estimation de marché;91150
128.0;91286;Grigny;91;commune;91286;26842;;;;;;;;;;;;;;;;;;;;aucune source de comptage disponible (voir sources);HEURISTIQUE — moyenne de z-scores (communes IDF), pas une estimation de marché;91350
129.0;91103;Brétigny-sur-Orge;91;commune;91103;26658;;;;;;;;;;;;;;;;;;;;aucune source de comptage disponible (voir sources);HEURISTIQUE — moyenne de z-scores (communes IDF), pas une estimation de marché;91220
130.0;78208;Élancourt;78;commune;78208;26365;;;;;;;;;;;;;;;;;;;;aucune source de comptage disponible (voir sources);HEURISTIQUE — moyenne de z-scores (communes IDF), pas une estimation de marché;78990
131.0;95203;Eaubonne;95;commune;95203;26211;;;;;;;;;;;;;;;;;;;;aucune source de comptage disponible (voir sources);HEURISTIQUE — moyenne de z-scores (communes IDF), pas une estimation de marché;95600
132.0;92078;Villeneuve-la-Garenne;92;commune;92078;26021;;;;;;;;;;;;;;;;;;;;aucune source de comptage disponible (voir sources);HEURISTIQUE — moyenne de z-scores (communes IDF), pas une estimation de marché;92390
133.0;91692;Les Ulis;91;commune;91692;25886;;;;;;;;;;;;;;;;;;;;aucune source de comptage disponible (voir sources);HEURISTIQUE — moyenne de z-scores (communes IDF), pas une estimation de marché;91940
134.0;93057;Les Pavillons-sous-Bois;93;commune;93057;25804;;;;;;;;;;;;;;;;;;;;aucune source de comptage disponible (voir sources);HEURISTIQUE — moyenne de z-scores (communes IDF), pas une estimation de marché;93320
135.0;91114;Brunoy;91;commune;91114;25643;;;;;;;;;;;;;;;;;;;;aucune source de comptage disponible (voir sources);HEURISTIQUE — moyenne de z-scores (communes IDF), pas une estimation de marché;91800
136.0;95572;Saint-Ouen-l'Aumône;95;commune;95572;25578;;;;;;;;;;;;;;;;;;;;aucune source de comptage disponible (voir sources);HEURISTIQUE — moyenne de z-scores (communes IDF), pas une estimation de marché;95310
137.0;94054;Orly;94;commune;94054;24658;;;;;;;;;;;;;;;;;;;;aucune source de comptage disponible (voir sources);HEURISTIQUE — moyenne de z-scores (communes IDF), pas une estimation de marché;94310
138.0;94043;Le Kremlin-Bicêtre;94;commune;94043;24110;;;;;;;;;;;;;;;;;;;;aucune source de comptage disponible (voir sources);HEURISTIQUE — moyenne de z-scores (communes IDF), pas une estimation de marché;94270
139.0;92032;Fontenay-aux-Roses;92;commune;92032;24070;;;;;;;;;;;;;;;;;;;;aucune source de comptage disponible (voir sources);HEURISTIQUE — moyenne de z-scores (communes IDF), pas une estimation de marché;92260
140.0;91421;Montgeron;91;commune;91421;24022;;;;;;;;;;;;;;;;;;;;aucune source de comptage disponible (voir sources);HEURISTIQUE — moyenne de z-scores (communes IDF), pas une estimation de marché;91230
141.0;93045;Les Lilas;93;commune;93045;23843;;;;;;;;;;;;;;;;;;;;aucune source de comptage disponible (voir sources);HEURISTIQUE — moyenne de z-scores (communes IDF), pas une estimation de marché;93260
142.0;77152;Dammarie-les-Lys;77;commune;77152;23559;;;;;;;;;;;;;;;;;;;;aucune source de comptage disponible (voir sources);HEURISTIQUE — moyenne de z-scores (communes IDF), pas une estimation de marché;77190
143.0;77122;Combs-la-Ville;77;commune;77122;23350;;;;;;;;;;;;;;;;;;;;aucune source de comptage disponible (voir sources);HEURISTIQUE — moyenne de z-scores (communes IDF), pas une estimation de marché;77380
144.0;77390;Roissy-en-Brie;77;commune;77390;23229;;;;;;;;;;;;;;;;;;;;aucune source de comptage disponible (voir sources);HEURISTIQUE — moyenne de z-scores (communes IDF), pas une estimation de marché;77680
145.0;95197;Deuil-la-Barre;95;commune;95197;23099;;;;;;;;;;;;;;;;;;;;aucune source de comptage disponible (voir sources);HEURISTIQUE — moyenne de z-scores (communes IDF), pas une estimation de marché;95170
146.0;78358;Maisons-Laffitte;78;commune;78358;23093;;;;;;;;;;;;;;;;;;;;aucune source de comptage disponible (voir sources);HEURISTIQUE — moyenne de z-scores (communes IDF), pas une estimation de marché;78600
147.0;78640;Vélizy-Villacoublay;78;commune;78640;23011;;;;;;;;;;;;;;;;;;;;aucune source de comptage disponible (voir sources);HEURISTIQUE — moyenne de z-scores (communes IDF), pas une estimation de marché;78140
148.0;77468;Torcy;77;commune;77468;22810;;;;;;;;;;;;;;;;;;;;aucune source de comptage disponible (voir sources);HEURISTIQUE — moyenne de z-scores (communes IDF), pas une estimation de marché;77200
149.0;91272;Gif-sur-Yvette;91;commune;91272;22544;;;;;;;;;;;;;;;;;;;;aucune source de comptage disponible (voir sources);HEURISTIQUE — moyenne de z-scores (communes IDF), pas une estimation de marché;91190
150.0;95424;Montigny-lès-Cormeilles;95;commune;95424;22457;;;;;;;;;;;;;;;;;;;;aucune source de comptage disponible (voir sources);HEURISTIQUE — moyenne de z-scores (communes IDF), pas une estimation de marché;95370
151.0;78362;Mantes-la-Ville;78;commune;78362;22332;;;;;;;;;;;;;;;;;;;;aucune source de comptage disponible (voir sources);HEURISTIQUE — moyenne de z-scores (communes IDF), pas une estimation de marché;78711
152.0;92072;Sèvres;92;commune;92072;22303;;;;;;;;;;;;;;;;;;;;aucune source de comptage disponible (voir sources);HEURISTIQUE — moyenne de z-scores (communes IDF), pas une estimation de marché;92310
153.0;77305;Montereau-Fault-Yonne;77;commune;77305;22279;;;;;;;;;;;;;;;;;;;;aucune source de comptage disponible (voir sources);HEURISTIQUE — moyenne de z-scores (communes IDF), pas une estimation de marché;77130
154.0;78005;Achères;78;commune;78005;22241;;;;;;;;;;;;;;;;;;;;aucune source de comptage disponible (voir sources);HEURISTIQUE — moyenne de z-scores (communes IDF), pas une estimation de marché;78260
155.0;94003;Arcueil;94;commune;94003;22200;;;;;;;;;;;;;;;;;;;;aucune source de comptage disponible (voir sources);HEURISTIQUE — moyenne de z-scores (communes IDF), pas une estimation de marché;94110
156.0;91345;Longjumeau;91;commune;91345;21996;;;;;;;;;;;;;;;;;;;;aucune source de comptage disponible (voir sources);HEURISTIQUE — moyenne de z-scores (communes IDF), pas une estimation de marché;91160
157.0;93049;Neuilly-Plaisance;93;commune;93049;21941;;;;;;;;;;;;;;;;;;;;aucune source de comptage disponible (voir sources);HEURISTIQUE — moyenne de z-scores (communes IDF), pas une estimation de marché;93360
158.0;91570;Saint-Michel-sur-Orge;91;commune;91570;21776;;;;;;;;;;;;;;;;;;;;aucune source de comptage disponible (voir sources);HEURISTIQUE — moyenne de z-scores (communes IDF), pas une estimation de marché;91240
159.0;95428;Montmorency;95;commune;95428;21763;;;;;;;;;;;;;;;;;;;;aucune source de comptage disponible (voir sources);HEURISTIQUE — moyenne de z-scores (communes IDF), pas une estimation de marché;95160
160.0;91434;Morsang-sur-Orge;91;commune;91434;21667;;;;;;;;;;;;;;;;;;;;aucune source de comptage disponible (voir sources);HEURISTIQUE — moyenne de z-scores (communes IDF), pas une estimation de marché;91390
161.0;77243;Lagny-sur-Marne;77;commune;77243;21461;;;;;;;;;;;;;;;;;;;;aucune source de comptage disponible (voir sources);HEURISTIQUE — moyenne de z-scores (communes IDF), pas une estimation de marché;77400
162.0;95555;Saint-Gratien;95;commune;95555;21336;;;;;;;;;;;;;;;;;;;;aucune source de comptage disponible (voir sources);HEURISTIQUE — moyenne de z-scores (communes IDF), pas une estimation de marché;95210
163.0;78545;Saint-Cyr-l'École;78;commune;78545;21268;;;;;;;;;;;;;;;;;;;;aucune source de comptage disponible (voir sources);HEURISTIQUE — moyenne de z-scores (communes IDF), pas une estimation de marché;78210
164.0;77350;Ozoir-la-Ferrière;77;commune;77350;21238;;;;;;;;;;;;;;;;;;;;aucune source de comptage disponible (voir sources);HEURISTIQUE — moyenne de z-scores (communes IDF), pas une estimation de marché;77330
165.0;94059;Le Plessis-Trévise;94;commune;94059;21112;;;;;;;;;;;;;;;;;;;;aucune source de comptage disponible (voir sources);HEURISTIQUE — moyenne de z-scores (communes IDF), pas une estimation de marché;94420
166.0;94067;Saint-Mandé;94;commune;94067;21071;;;;;;;;;;;;;;;;;;;;aucune source de comptage disponible (voir sources);HEURISTIQUE — moyenne de z-scores (communes IDF), pas une estimation de marché;94160
167.0;92014;Bourg-la-Reine;92;commune;92014;21019;;;;;;;;;;;;;;;;;;;;aucune source de comptage disponible (voir sources);HEURISTIQUE — moyenne de z-scores (communes IDF), pas une estimation de marché;92340
168.0;94077;Villeneuve-le-Roi;94;commune;94077;21000;;;;;;;;;;;;;;;;;;;;aucune source de comptage disponible (voir sources);HEURISTIQUE — moyenne de z-scores (communes IDF), pas une estimation de marché;94290
169.0;92071;Sceaux;92;commune;92071;20884;;;;;;;;;;;;;;;;;;;;aucune source de comptage disponible (voir sources);HEURISTIQUE — moyenne de z-scores (communes IDF), pas une estimation de marché;92330
170.0;78123;Carrières-sous-Poissy;78;commune;78123;20825;;;;;;;;;;;;;;;;;;;;aucune source de comptage disponible (voir sources);HEURISTIQUE — moyenne de z-scores (communes IDF), pas une estimation de marché;78955
171.0;78383;Maurepas;78;commune;78383;20629;;;;;;;;;;;;;;;;;;;;aucune source de comptage disponible (voir sources);HEURISTIQUE — moyenne de z-scores (communes IDF), pas une estimation de marché;78310
172.0;92022;Chaville;92;commune;92022;20594;;;;;;;;;;;;;;;;;;;;aucune source de comptage disponible (voir sources);HEURISTIQUE — moyenne de z-scores (communes IDF), pas une estimation de marché;92370
173.0;94042;Joinville-le-Pont;94;commune;94042;20525;;;;;;;;;;;;;;;;;;;;aucune source de comptage disponible (voir sources);HEURISTIQUE — moyenne de z-scores (communes IDF), pas une estimation de marché;94340
174.0;78126;La Celle-Saint-Cloud;78;commune;78126;20460;;;;;;;;;;;;;;;;;;;;aucune source de comptage disponible (voir sources);HEURISTIQUE — moyenne de z-scores (communes IDF), pas une estimation de marché;78170
175.0;77294;Mitry-Mory;77;commune;77294;20456;;;;;;;;;;;;;;;;;;;;aucune source de comptage disponible (voir sources);HEURISTIQUE — moyenne de z-scores (communes IDF), pas une estimation de marché;77290
176.0;91161;Chilly-Mazarin;91;commune;91161;20443;;;;;;;;;;;;;;;;;;;;aucune source de comptage disponible (voir sources);HEURISTIQUE — moyenne de z-scores (communes IDF), pas une estimation de marché;91380
177.0;94037;Gentilly;94;commune;94037;19963;;;;;;;;;;;;;;;;;;;;aucune source de comptage disponible (voir sources);HEURISTIQUE — moyenne de z-scores (communes IDF), pas une estimation de marché;94250
;75102;Paris 2e Arrondissement;75;arrondissement;75056;19847;;;;;;;;;;;;;;;;;;;;aucune source de comptage disponible (voir sources);HEURISTIQUE — moyenne de z-scores (communes IDF), pas une estimation de marché;75002
178.0;94021;Chevilly-Larue;94;commune;94021;19826;;;;;;;;;;;;;;;;;;;;aucune source de comptage disponible (voir sources);HEURISTIQUE — moyenne de z-scores (communes IDF), pas une estimation de marché;94550
179.0;77285;Le Mée-sur-Seine;77;commune;77285;19527;;;;;;;;;;;;;;;;;;;;aucune source de comptage disponible (voir sources);HEURISTIQUE — moyenne de z-scores (communes IDF), pas une estimation de marché;77350
180.0;91326;Juvisy-sur-Orge;91;commune;91326;19292;;;;;;;;;;;;;;;;;;;;aucune source de comptage disponible (voir sources);HEURISTIQUE — moyenne de z-scores (communes IDF), pas une estimation de marché;91260
181.0;77053;Brie-Comte-Robert;77;commune;77053;19003;;;;;;;;;;;;;;;;;;;;aucune source de comptage disponible (voir sources);HEURISTIQUE — moyenne de z-scores (communes IDF), pas une estimation de marché;77170
182.0;94019;Chennevières-sur-Marne;94;commune;94019;18710;;;;;;;;;;;;;;;;;;;;aucune source de comptage disponible (voir sources);HEURISTIQUE — moyenne de z-scores (communes IDF), pas une estimation de marché;94430
183.0;77296;Moissy-Cramayel;77;commune;77296;18511;;;;;;;;;;;;;;;;;;;;aucune source de comptage disponible (voir sources);HEURISTIQUE — moyenne de z-scores (communes IDF), pas une estimation de marché;77550
184.0;94015;Bry-sur-Marne;94;commune;94015;18503;;;;;;;;;;;;;;;;;;;;aucune source de comptage disponible (voir sources);HEURISTIQUE — moyenne de z-scores (communes IDF), pas une estimation de marché;94360
185.0;95218;Éragny-sur-Oise;95;commune;95218;18436;;;;;;;;;;;;;;;;;;;;aucune source de comptage disponible (voir sources);HEURISTIQUE — moyenne de z-scores (communes IDF), pas une estimation de marché;95610
186.0;94011;Bonneuil-sur-Marne;94;commune;94011;18270;;;;;;;;;;;;;;;;;;;;aucune source de comptage disponible (voir sources);HEURISTIQUE — moyenne de z-scores (communes IDF), pas une estimation de marché;94380
187.0;95598;Soisy-sous-Montmorency;95;commune;95598;18008;;;;;;;;;;;;;;;;;;;;aucune source de comptage disponible (voir sources);HEURISTIQUE — moyenne de z-scores (communes IDF), pas une estimation de marché;95230
188.0;95476;Osny;95;commune;95476;17954;;;;;;;;;;;;;;;;;;;;aucune source de comptage disponible (voir sources);HEURISTIQUE — moyenne de z-scores (communes IDF), pas une estimation de marché;95520
189.0;78335;Limay;78;commune;78335;17885;;;;;;;;;;;;;;;;;;;;aucune source de comptage disponible (voir sources);HEURISTIQUE — moyenne de z-scores (communes IDF), pas une estimation de marché;78520
190.0;95323;Jouy-le-Moutier;95;commune;95323;17854;;;;;;;;;;;;;;;;;;;;aucune source de comptage disponible (voir sources);HEURISTIQUE — moyenne de z-scores (communes IDF), pas une estimation de marché;95280
191.0;92033;Garches;92;commune;92033;17743;;;;;;;;;;;;;;;;;;;;aucune source de comptage disponible (voir sources);HEURISTIQUE — moyenne de z-scores (communes IDF), pas une estimation de marché;92380
192.0;94004;Boissy-Saint-Léger;94;commune;94004;17325;;;;;;;;;;;;;;;;;;;;aucune source de comptage disponible (voir sources);HEURISTIQUE — moyenne de z-scores (communes IDF), pas une estimation de marché;94470
193.0;78686;Viroflay;78;commune;78686;17237;;;;;;;;;;;;;;;;;;;;aucune source de comptage disponible (voir sources);HEURISTIQUE — moyenne de z-scores (communes IDF), pas une estimation de marché;78220
194.0;93061;Le Pré-Saint-Gervais;93;commune;93061;16993;;;;;;;;;;;;;;;;;;;;aucune source de comptage disponible (voir sources);HEURISTIQUE — moyenne de z-scores (communes IDF), pas une estimation de marché;93310
195.0;78165;Les Clayes-sous-Bois;78;commune;78165;16804;;;;;;;;;;;;;;;;;;;;aucune source de comptage disponible (voir sources);HEURISTIQUE — moyenne de z-scores (communes IDF), pas une estimation de marché;78340
196.0;78372;Marly-le-Roi;78;commune;78372;16756;;;;;;;;;;;;;;;;;;;;aucune source de comptage disponible (voir sources);HEURISTIQUE — moyenne de z-scores (communes IDF), pas une estimation de marché;78160
197.0;78073;Bois-d'Arcy;78;commune;78073;16586;;;;;;;;;;;;;;;;;;;;aucune source de comptage disponible (voir sources);HEURISTIQUE — moyenne de z-scores (communes IDF), pas une estimation de marché;78390
198.0;91471;Orsay;91;commune;91471;16498;;;;;;;;;;;;;;;;;;;;aucune source de comptage disponible (voir sources);HEURISTIQUE — moyenne de z-scores (communes IDF), pas une estimation de marché;91400
199.0;91386;Mennecy;91;commune;91386;16433;;;;;;;;;;;;;;;;;;;;aucune source de comptage disponible (voir sources);HEURISTIQUE — moyenne de z-scores (communes IDF), pas une estimation de marché;91540
200.0;77131;Coulommiers;77;commune;77131;16374;;;;;;;;;;;;;;;;;;;;aucune source de comptage disponible (voir sources);HEURISTIQUE — moyenne de z-scores (communes IDF), pas une estimation de marché;77120
201.0;78642;Verneuil-sur-Seine;78;commune;78642;16280;;;;;;;;;;;;;;;;;;;;aucune source de comptage disponible (voir sources);HEURISTIQUE — moyenne de z-scores (communes IDF), pas une estimation de marché;78480
202.0;95563;Saint-Leu-la-Forêt;95;commune;95563;16138;;;;;;;;;;;;;;;;;;;;aucune source de comptage disponible (voir sources);HEURISTIQUE — moyenne de z-scores (communes IDF), pas une estimation de marché;95320
203.0;95637;Vauréal;95;commune;95637;16079;;;;;;;;;;;;;;;;;;;;aucune source de comptage disponible (voir sources);HEURISTIQUE — moyenne de z-scores (communes IDF), pas une estimation de marché;95490
204.0;95199;Domont;95;commune;95199;16065;;;;;;;;;;;;;;;;;;;;aucune source de comptage disponible (voir sources);HEURISTIQUE — moyenne de z-scores (communes IDF), pas une estimation de marché;95330
205.0;78481;Le Pecq;78;commune;78481;16059;;;;;;;;;;;;;;;;;;;;aucune source de comptage disponible (voir sources);HEURISTIQUE — moyenne de z-scores (communes IDF), pas une estimation de marché;78230
206.0;77337;Noisiel;77;commune;77337;16053;;;;;;;;;;;;;;;;;;;;aucune source de comptage disponible (voir sources);HEURISTIQUE — moyenne de z-scores (communes IDF), pas une estimation de marché;77186
207.0;93013;Le Bourget;93;commune;93013;15925;;;;;;;;;;;;;;;;;;;;aucune source de comptage disponible (voir sources);HEURISTIQUE — moyenne de z-scores (communes IDF), pas une estimation de marché;93350
208.0;77407;Saint-Fargeau-Ponthierry;77;commune;77407;15724;;;;;;;;;;;;;;;;;;;;aucune source de comptage disponible (voir sources);HEURISTIQUE — moyenne de z-scores (communes IDF), pas une estimation de marché;77310
209.0;77307;Montévrain;77;commune;77307;15687;;;;;;;;;;;;;;;;;;;;aucune source de comptage disponible (voir sources);HEURISTIQUE — moyenne de z-scores (communes IDF), pas une estimation de marché;77144
210.0;77186;Fontainebleau;77;commune;77186;15583;;;;;;;;;;;;;;;;;;;;aucune source de comptage disponible (voir sources);HEURISTIQUE — moyenne de z-scores (communes IDF), pas une estimation de marché;77300
211.0;78650;Le Vésinet;78;commune;78650;15554;;;;;;;;;;;;;;;;;;;;aucune source de comptage disponible (voir sources);HEURISTIQUE — moyenne de z-scores (communes IDF), pas une estimation de marché;78110
;75101;Paris 1er Arrondissement;75;arrondissement;75056;15114;;;;;;;;;;;;;;;;;;;;aucune source de comptage disponible (voir sources);HEURISTIQUE — moyenne de z-scores (communes IDF), pas une estimation de marché;75001
212.0;95427;Montmagny;95;commune;95427;15105;;;;;;;;;;;;;;;;;;;;aucune source de comptage disponible (voir sources);HEURISTIQUE — moyenne de z-scores (communes IDF), pas une estimation de marché;95360
213.0;77258;Lognes;77;commune;77258;15074;;;;;;;;;;;;;;;;;;;;aucune source de comptage disponible (voir sources);HEURISTIQUE — moyenne de z-scores (communes IDF), pas une estimation de marché;77185
214.0;95539;Saint-Brice-sous-Forêt;95;commune;95539;15063;;;;;;;;;;;;;;;;;;;;aucune source de comptage disponible (voir sources);HEURISTIQUE — moyenne de z-scores (communes IDF), pas une estimation de marché;95350
215.0;91645;Verrières-le-Buisson;91;commune;91645;15057;;;;;;;;;;;;;;;;;;;;aucune source de comptage disponible (voir sources);HEURISTIQUE — moyenne de z-scores (communes IDF), pas une estimation de marché;91370
216.0;95019;Arnouville;95;commune;95019;15023;;;;;;;;;;;;;;;;;;;;aucune source de comptage disponible (voir sources);HEURISTIQUE — moyenne de z-scores (communes IDF), pas une estimation de marché;95400
217.0;78124;Carrières-sur-Seine;78;commune;78124;14791;;;;;;;;;;;;;;;;;;;;aucune source de comptage disponible (voir sources);HEURISTIQUE — moyenne de z-scores (communes IDF), pas une estimation de marché;78420
218.0;93062;Le Raincy;93;commune;93062;14735;;;;;;;;;;;;;;;;;;;;aucune source de comptage disponible (voir sources);HEURISTIQUE — moyenne de z-scores (communes IDF), pas une estimation de marché;93340
219.0;78418;Montesson;78;commune;78418;14549;;;;;;;;;;;;;;;;;;;;aucune source de comptage disponible (voir sources);HEURISTIQUE — moyenne de z-scores (communes IDF), pas une estimation de marché;78360
220.0;94069;Saint-Maurice;94;commune;94069;14506;;;;;;;;;;;;;;;;;;;;aucune source de comptage disponible (voir sources);HEURISTIQUE — moyenne de z-scores (communes IDF), pas une estimation de marché;94410
221.0;94074;Valenton;94;commune;94074;14406;;;;;;;;;;;;;;;;;;;;aucune source de comptage disponible (voir sources);HEURISTIQUE — moyenne de z-scores (communes IDF), pas une estimation de marché;94460
222.0;95487;Persan;95;commune;95487;14359;;;;;;;;;;;;;;;;;;;;aucune source de comptage disponible (voir sources);HEURISTIQUE — moyenne de z-scores (communes IDF), pas une estimation de marché;95340
223.0;91432;Morangis;91;commune;91432;14129;;;;;;;;;;;;;;;;;;;;aucune source de comptage disponible (voir sources);HEURISTIQUE — moyenne de z-scores (communes IDF), pas une estimation de marché;91420
224.0;77251;Lieusaint;77;commune;77251;14017;;;;;;;;;;;;;;;;;;;;aucune source de comptage disponible (voir sources);HEURISTIQUE — moyenne de z-scores (communes IDF), pas une estimation de marché;77127
225.0;77479;Vaires-sur-Marne;77;commune;77479;13931;;;;;;;;;;;;;;;;;;;;aucune source de comptage disponible (voir sources);HEURISTIQUE — moyenne de z-scores (communes IDF), pas une estimation de marché;77360
226.0;78015;Andrésy;78;commune;78015;13834;;;;;;;;;;;;;;;;;;;;aucune source de comptage disponible (voir sources);HEURISTIQUE — moyenne de z-scores (communes IDF), pas une estimation de marché;78570
227.0;91235;Fleury-Mérogis;91;commune;91235;13721;;;;;;;;;;;;;;;;;;;;aucune source de comptage disponible (voir sources);HEURISTIQUE — moyenne de z-scores (communes IDF), pas une estimation de marché;91700
228.0;78242;Fontenay-le-Fleury;78;commune;78242;13680;;;;;;;;;;;;;;;;;;;;aucune source de comptage disponible (voir sources);HEURISTIQUE — moyenne de z-scores (communes IDF), pas une estimation de marché;78330
229.0;77014;Avon;77;commune;77014;13651;;;;;;;;;;;;;;;;;;;;aucune source de comptage disponible (voir sources);HEURISTIQUE — moyenne de z-scores (communes IDF), pas une estimation de marché;77210
230.0;77118;Claye-Souilly;77;commune;77118;13353;;;;;;;;;;;;;;;;;;;;aucune source de comptage disponible (voir sources);HEURISTIQUE — moyenne de z-scores (communes IDF), pas une estimation de marché;77410
231.0;77333;Nemours;77;commune;77333;12889;;;;;;;;;;;;;;;;;;;;aucune source de comptage disponible (voir sources);HEURISTIQUE — moyenne de z-scores (communes IDF), pas une estimation de marché;77140
232.0;77316;Moret-Loing-et-Orvanne;77;commune;77316;12810;;;;;;;;;;;;;;;;;;;;aucune source de comptage disponible (voir sources);HEURISTIQUE — moyenne de z-scores (communes IDF), pas une estimation de marché;77250
233.0;78029;Aubergenville;78;commune;78029;12723;;;;;;;;;;;;;;;;;;;;aucune source de comptage disponible (voir sources);HEURISTIQUE — moyenne de z-scores (communes IDF), pas une estimation de marché;78410
234.0;95351;Louvres;95;commune;95351;12560;;;;;;;;;;;;;;;;;;;;aucune source de comptage disponible (voir sources);HEURISTIQUE — moyenne de z-scores (communes IDF), pas une estimation de marché;95380
235.0;93079;Villetaneuse;93;commune;93079;12530;;;;;;;;;;;;;;;;;;;;aucune source de comptage disponible (voir sources);HEURISTIQUE — moyenne de z-scores (communes IDF), pas une estimation de marché;93430
236.0;95313;L'Isle-Adam;95;commune;95313;12493;;;;;;;;;;;;;;;;;;;;aucune source de comptage disponible (voir sources);HEURISTIQUE — moyenne de z-scores (communes IDF), pas une estimation de marché;95290
237.0;94060;La Queue-en-Brie;94;commune;94060;12241;;;;;;;;;;;;;;;;;;;;aucune source de comptage disponible (voir sources);HEURISTIQUE — moyenne de z-scores (communes IDF), pas une estimation de marché;94510
238.0;78624;Triel-sur-Seine;78;commune;78624;12206;;;;;;;;;;;;;;;;;;;;aucune source de comptage disponible (voir sources);HEURISTIQUE — moyenne de z-scores (communes IDF), pas une estimation de marché;78510
239.0;91573;Saint-Pierre-du-Perray;91;commune;91573;11993;;;;;;;;;;;;;;;;;;;;aucune source de comptage disponible (voir sources);HEURISTIQUE — moyenne de z-scores (communes IDF), pas une estimation de marché;91280
240.0;78674;Villepreux;78;commune;78674;11931;;;;;;;;;;;;;;;;;;;;aucune source de comptage disponible (voir sources);HEURISTIQUE — moyenne de z-scores (communes IDF), pas une estimation de marché;78450
241.0;77153;Dammartin-en-Goële;77;commune;77153;11907;;;;;;;;;;;;;;;;;;;;aucune source de comptage disponible (voir sources);HEURISTIQUE — moyenne de z-scores (communes IDF), pas une estimation de marché;77230
242.0;93030;Dugny;93;commune;93030;11700;;;;;;;;;;;;;;;;;;;;aucune source de comptage disponible (voir sources);HEURISTIQUE — moyenne de z-scores (communes IDF), pas une estimation de marché;93440
243.0;91021;Arpajon;91;commune;91021;11698;;;;;;;;;;;;;;;;;;;;aucune source de comptage disponible (voir sources);HEURISTIQUE — moyenne de z-scores (communes IDF), pas une estimation de marché;91290
244.0;94075;Villecresnes;94;commune;94075;11647;;;;;;;;;;;;;;;;;;;;aucune source de comptage disponible (voir sources);HEURISTIQUE — moyenne de z-scores (communes IDF), pas une estimation de marché;94440
245.0;77379;Provins;77;commune;77379;11632;;;;;;;;;;;;;;;;;;;;aucune source de comptage disponible (voir sources);HEURISTIQUE — moyenne de z-scores (communes IDF), pas une estimation de marché;77160
246.0;91552;Saint-Germain-lès-Arpajon;91;commune;91552;11623;;;;;;;;;;;;;;;;;;;;aucune source de comptage disponible (voir sources);HEURISTIQUE — moyenne de z-scores (communes IDF), pas une estimation de marché;91180
247.0;91215;Épinay-sous-Sénart;91;commune;91215;11611;;;;;;;;;;;;;;;;;;;;aucune source de comptage disponible (voir sources);HEURISTIQUE — moyenne de z-scores (communes IDF), pas une estimation de marché;91860
248.0;77487;Vaux-le-Pénil;77;commune;77487;11474;;;;;;;;;;;;;;;;;;;;aucune source de comptage disponible (voir sources);HEURISTIQUE — moyenne de z-scores (communes IDF), pas une estimation de marché;77000
249.0;95210;Enghien-les-Bains;95;commune;95210;11432;;;;;;;;;;;;;;;;;;;;aucune source de comptage disponible (voir sources);HEURISTIQUE — moyenne de z-scores (communes IDF), pas une estimation de marché;95880
250.0;91200;Dourdan;91;commune;91200;11415;;;;;;;;;;;;;;;;;;;;aucune source de comptage disponible (voir sources);HEURISTIQUE — moyenne de z-scores (communes IDF), pas une estimation de marché;91410
251.0;77067;Cesson;77;commune;77067;11222;;;;;;;;;;;;;;;;;;;;aucune source de comptage disponible (voir sources);HEURISTIQUE — moyenne de z-scores (communes IDF), pas une estimation de marché;77240
252.0;92077;Ville-d'Avray;92;commune;92077;11089;;;;;;;;;;;;;;;;;;;;aucune source de comptage disponible (voir sources);HEURISTIQUE — moyenne de z-scores (communes IDF), pas une estimation de marché;92410
253.0;78190;Croissy-sur-Seine;78;commune;78190;11013;;;;;;;;;;;;;;;;;;;;aucune source de comptage disponible (voir sources);HEURISTIQUE — moyenne de z-scores (communes IDF), pas une estimation de marché;78290
254.0;94055;Ormesson-sur-Marne;94;commune;94055;10977;;;;;;;;;;;;;;;;;;;;aucune source de comptage disponible (voir sources);HEURISTIQUE — moyenne de z-scores (communes IDF), pas une estimation de marché;94490
255.0;78138;Chanteloup-les-Vignes;78;commune;78138;10861;;;;;;;;;;;;;;;;;;;;aucune source de comptage disponible (voir sources);HEURISTIQUE — moyenne de z-scores (communes IDF), pas une estimation de marché;78570
256.0;91312;Igny;91;commune;91312;10833;;;;;;;;;;;;;;;;;;;;aucune source de comptage disponible (voir sources);HEURISTIQUE — moyenne de z-scores (communes IDF), pas une estimation de marché;91430
257.0;91086;Bondoufle;91;commune;91086;10767;;;;;;;;;;;;;;;;;;;;aucune source de comptage disponible (voir sources);HEURISTIQUE — moyenne de z-scores (communes IDF), pas une estimation de marché;91070
258.0;91216;Épinay-sur-Orge;91;commune;91216;10722;;;;;;;;;;;;;;;;;;;;aucune source de comptage disponible (voir sources);HEURISTIQUE — moyenne de z-scores (communes IDF), pas une estimation de marché;91360
259.0;78688;Voisins-le-Bretonneux;78;commune;78688;10624;;;;;;;;;;;;;;;;;;;;aucune source de comptage disponible (voir sources);HEURISTIQUE — moyenne de z-scores (communes IDF), pas une estimation de marché;78960
260.0;95250;Fosses;95;commune;95250;10570;;;;;;;;;;;;;;;;;;;;aucune source de comptage disponible (voir sources);HEURISTIQUE — moyenne de z-scores (communes IDF), pas une estimation de marché;95470
261.0;77464;Thorigny-sur-Marne;77;commune;77464;10440;;;;;;;;;;;;;;;;;;;;aucune source de comptage disponible (voir sources);HEURISTIQUE — moyenne de z-scores (communes IDF), pas une estimation de marché;77400
262.0;77449;Serris;77;commune;77449;10326;;;;;;;;;;;;;;;;;;;;aucune source de comptage disponible (voir sources);HEURISTIQUE — moyenne de z-scores (communes IDF), pas une estimation de marché;77700
263.0;91661;Villebon-sur-Yvette;91;commune;91661;10291;;;;;;;;;;;;;;;;;;;;aucune source de comptage disponible (voir sources);HEURISTIQUE — moyenne de z-scores (communes IDF), pas une estimation de marché;91140
264.0;77183;La Ferté-sous-Jouarre;77;commune;77183;10254;;;;;;;;;;;;;;;;;;;;aucune source de comptage disponible (voir sources);HEURISTIQUE — moyenne de z-scores (communes IDF), pas une estimation de marché;77260
265.0;95052;Beaumont-sur-Oise;95;commune;95052;10232;;;;;;;;;;;;;;;;;;;;aucune source de comptage disponible (voir sources);HEURISTIQUE — moyenne de z-scores (communes IDF), pas une estimation de marché;95260
266.0;95488;Pierrelaye;95;commune;95488;10130;;;;;;;;;;;;;;;;;;;;aucune source de comptage disponible (voir sources);HEURISTIQUE — moyenne de z-scores (communes IDF), pas une estimation de marché;95220|95480
267.0;95394;Méry-sur-Oise;95;commune;95394;9983;;;;;;;;;;;;;;;;;;;;aucune source de comptage disponible (voir sources);HEURISTIQUE — moyenne de z-scores (communes IDF), pas une estimation de marché;95540
268.0;95229;Ézanville;95;commune;95229;9858;;;;;;;;;;;;;;;;;;;;aucune source de comptage disponible (voir sources);HEURISTIQUE — moyenne de z-scores (communes IDF), pas une estimation de marché;95460
269.0;95051;Beauchamp;95;commune;95051;9849;;;;;;;;;;;;;;;;;;;;aucune source de comptage disponible (voir sources);HEURISTIQUE — moyenne de z-scores (communes IDF), pas une estimation de marché;95250
270.0;91425;Montlhéry;91;commune;91425;9772;;;;;;;;;;;;;;;;;;;;aucune source de comptage disponible (voir sources);HEURISTIQUE — moyenne de z-scores (communes IDF), pas une estimation de marché;91310
271.0;78643;Vernouillet;78;commune;78643;9699;;;;;;;;;;;;;;;;;;;;aucune source de comptage disponible (voir sources);HEURISTIQUE — moyenne de z-scores (communes IDF), pas une estimation de marché;78540
272.0;91191;Crosne;91;commune;91191;9610;;;;;;;;;;;;;;;;;;;;aucune source de comptage disponible (voir sources);HEURISTIQUE — moyenne de z-scores (communes IDF), pas une estimation de marché;91560
273.0;91122;Bures-sur-Yvette;91;commune;91122;9548;;;;;;;;;;;;;;;;;;;;aucune source de comptage disponible (voir sources);HEURISTIQUE — moyenne de z-scores (communes IDF), pas une estimation de marché;91440
274.0;91514;Quincy-sous-Sénart;91;commune;91514;9477;;;;;;;;;;;;;;;;;;;;aucune source de comptage disponible (voir sources);HEURISTIQUE — moyenne de z-scores (communes IDF), pas une estimation de marché;91480
275.0;78356;Magny-les-Hameaux;78;commune;78356;9386;;;;;;;;;;;;;;;;;;;;aucune source de comptage disponible (voir sources);HEURISTIQUE — moyenne de z-scores (communes IDF), pas une estimation de marché;78114
276.0;77495;Vert-Saint-Denis;77;commune;77495;9291;;;;;;;;;;;;;;;;;;;;aucune source de comptage disponible (voir sources);HEURISTIQUE — moyenne de z-scores (communes IDF), pas une estimation de marché;77240
277.0;91105;Breuillet;91;commune;91105;9157;;;;;;;;;;;;;;;;;;;;aucune source de comptage disponible (voir sources);HEURISTIQUE — moyenne de z-scores (communes IDF), pas une estimation de marché;91650
278.0;78092;Bougival;78;commune;78092;9134;;;;;;;;;;;;;;;;;;;;aucune source de comptage disponible (voir sources);HEURISTIQUE — moyenne de z-scores (communes IDF), pas une estimation de marché;78380
279.0;77268;Magny-le-Hongre;77;commune;77268;9060;;;;;;;;;;;;;;;;;;;;aucune source de comptage disponible (voir sources);HEURISTIQUE — moyenne de z-scores (communes IDF), pas une estimation de marché;77700
280.0;78401;Meulan-en-Yvelines;78;commune;78401;8950;;;;;;;;;;;;;;;;;;;;aucune source de comptage disponible (voir sources);HEURISTIQUE — moyenne de z-scores (communes IDF), pas une estimation de marché;78250
281.0;95060;Bessancourt;95;commune;95060;8869;;;;;;;;;;;;;;;;;;;;aucune source de comptage disponible (voir sources);HEURISTIQUE — moyenne de z-scores (communes IDF), pas une estimation de marché;95550
282.0;77327;Nangis;77;commune;77327;8867;;;;;;;;;;;;;;;;;;;;aucune source de comptage disponible (voir sources);HEURISTIQUE — moyenne de z-scores (communes IDF), pas une estimation de marché;77370
283.0;77215;Gretz-Armainvilliers;77;commune;77215;8825;;;;;;;;;;;;;;;;;;;;aucune source de comptage disponible (voir sources);HEURISTIQUE — moyenne de z-scores (communes IDF), pas une estimation de marché;77220
284.0;93039;L'Île-Saint-Denis;93;commune;93039;8696;;;;;;;;;;;;;;;;;;;;aucune source de comptage disponible (voir sources);HEURISTIQUE — moyenne de z-scores (communes IDF), pas une estimation de marché;93450
285.0;91363;Marcoussis;91;commune;91363;8618;;;;;;;;;;;;;;;;;;;;aucune source de comptage disponible (voir sources);HEURISTIQUE — moyenne de z-scores (communes IDF), pas une estimation de marché;91460
286.0;95491;Le Plessis-Bouchard;95;commune;95491;8518;;;;;;;;;;;;;;;;;;;;aucune source de comptage disponible (voir sources);HEURISTIQUE — moyenne de z-scores (communes IDF), pas une estimation de marché;95130
287.0;95288;Groslay;95;commune;95288;8453;;;;;;;;;;;;;;;;;;;;aucune source de comptage disponible (voir sources);HEURISTIQUE — moyenne de z-scores (communes IDF), pas une estimation de marché;95410
288.0;92076;Vaucresson;92;commune;92076;8432;;;;;;;;;;;;;;;;;;;;aucune source de comptage disponible (voir sources);HEURISTIQUE — moyenne de z-scores (communes IDF), pas une estimation de marché;92420
289.0;77470;Tournan-en-Brie;77;commune;77470;8274;;;;;;;;;;;;;;;;;;;;aucune source de comptage disponible (voir sources);HEURISTIQUE — moyenne de z-scores (communes IDF), pas une estimation de marché;77220
290.0;91479;Paray-Vieille-Poste;91;commune;91479;8202;;;;;;;;;;;;;;;;;;;;aucune source de comptage disponible (voir sources);HEURISTIQUE — moyenne de z-scores (communes IDF), pas une estimation de marché;91550|94390
291.0;91045;Ballancourt-sur-Essonne;91;commune;91045;8191;;;;;;;;;;;;;;;;;;;;aucune source de comptage disponible (voir sources);HEURISTIQUE — moyenne de z-scores (communes IDF), pas une estimation de marché;91610
292.0;91665;La Ville-du-Bois;91;commune;91665;8161;;;;;;;;;;;;;;;;;;;;aucune source de comptage disponible (voir sources);HEURISTIQUE — moyenne de z-scores (communes IDF), pas une estimation de marché;91620
293.0;91097;Boussy-Saint-Antoine;91;commune;91097;8097;;;;;;;;;;;;;;;;;;;;aucune source de comptage disponible (voir sources);HEURISTIQUE — moyenne de z-scores (communes IDF), pas une estimation de marché;91800
294.0;93074;Vaujours;93;commune;93074;8007;;;;;;;;;;;;;;;;;;;;aucune source de comptage disponible (voir sources);HEURISTIQUE — moyenne de z-scores (communes IDF), pas une estimation de marché;93410
295.0;78350;Louveciennes;78;commune;78350;7990;;;;;;;;;;;;;;;;;;;;aucune source de comptage disponible (voir sources);HEURISTIQUE — moyenne de z-scores (communes IDF), pas une estimation de marché;78430
296.0;91339;Linas;91;commune;91339;7987;;;;;;;;;;;;;;;;;;;;aucune source de comptage disponible (voir sources);HEURISTIQUE — moyenne de z-scores (communes IDF), pas une estimation de marché;91310
297.0;78322;Jouy-en-Josas;78;commune;78322;7981;;;;;;;;;;;;;;;;;;;;aucune source de comptage disponible (voir sources);HEURISTIQUE — moyenne de z-scores (communes IDF), pas une estimation de marché;78350
298.0;78267;Gargenville;78;commune;78267;7869;;;;;;;;;;;;;;;;;;;;aucune source de comptage disponible (voir sources);HEURISTIQUE — moyenne de z-scores (communes IDF), pas une estimation de marché;78440
299.0;77111;Chessy;77;commune;77111;7771;;;;;;;;;;;;;;;;;;;;aucune source de comptage disponible (voir sources);HEURISTIQUE — moyenne de z-scores (communes IDF), pas une estimation de marché;77700
300.0;78575;Saint-Rémy-lès-Chevreuse;78;commune;78575;7747;;;;;;;;;;;;;;;;;;;;aucune source de comptage disponible (voir sources);HEURISTIQUE — moyenne de z-scores (communes IDF), pas une estimation de marché;78470
301.0;78455;Noisy-le-Roi;78;commune;78455;7713;;;;;;;;;;;;;;;;;;;;aucune source de comptage disponible (voir sources);HEURISTIQUE — moyenne de z-scores (communes IDF), pas une estimation de marché;78590
302.0;78062;Beynes;78;commune;78062;7704;;;;;;;;;;;;;;;;;;;;aucune source de comptage disponible (voir sources);HEURISTIQUE — moyenne de z-scores (communes IDF), pas une estimation de marché;78650
303.0;77169;Émerainville;77;commune;77169;7690;;;;;;;;;;;;;;;;;;;;aucune source de comptage disponible (voir sources);HEURISTIQUE — moyenne de z-scores (communes IDF), pas une estimation de marché;77184
304.0;95574;Saint-Prix;95;commune;95574;7612;;;;;;;;;;;;;;;;;;;;aucune source de comptage disponible (voir sources);HEURISTIQUE — moyenne de z-scores (communes IDF), pas une estimation de marché;95390
305.0;91553;Saint-Germain-lès-Corbeil;91;commune;91553;7469;;;;;;;;;;;;;;;;;;;;aucune source de comptage disponible (voir sources);HEURISTIQUE — moyenne de z-scores (communes IDF), pas une estimation de marché;91250
306.0;91600;Soisy-sur-Seine;91;commune;91600;7418;;;;;;;;;;;;;;;;;;;;aucune source de comptage disponible (voir sources);HEURISTIQUE — moyenne de z-scores (communes IDF), pas une estimation de marché;91450
307.0;91340;Lisses;91;commune;91340;7373;;;;;;;;;;;;;;;;;;;;aucune source de comptage disponible (voir sources);HEURISTIQUE — moyenne de z-scores (communes IDF), pas une estimation de marché;91090
308.0;91667;Villemoisson-sur-Orge;91;commune;91667;7332;;;;;;;;;;;;;;;;;;;;aucune source de comptage disponible (voir sources);HEURISTIQUE — moyenne de z-scores (communes IDF), pas une estimation de marché;91360
309.0;77139;Courtry;77;commune;77139;7330;;;;;;;;;;;;;;;;;;;;aucune source de comptage disponible (voir sources);HEURISTIQUE — moyenne de z-scores (communes IDF), pas une estimation de marché;77181
310.0;78531;Rosny-sur-Seine;78;commune;78531;7328;;;;;;;;;;;;;;;;;;;;aucune source de comptage disponible (voir sources);HEURISTIQUE — moyenne de z-scores (communes IDF), pas une estimation de marché;78710
311.0;93033;Gournay-sur-Marne;93;commune;93033;7320;;;;;;;;;;;;;;;;;;;;aucune source de comptage disponible (voir sources);HEURISTIQUE — moyenne de z-scores (communes IDF), pas une estimation de marché;93460
312.0;95183;Courdimanche;95;commune;95183;7311;;;;;;;;;;;;;;;;;;;;aucune source de comptage disponible (voir sources);HEURISTIQUE — moyenne de z-scores (communes IDF), pas une estimation de marché;95800
313.0;77330;Nanteuil-lès-Meaux;77;commune;77330;7308;;;;;;;;;;;;;;;;;;;;aucune source de comptage disponible (voir sources);HEURISTIQUE — moyenne de z-scores (communes IDF), pas une estimation de marché;77100
314.0;78397;Le Mesnil-Saint-Denis;78;commune;78397;7276;;;;;;;;;;;;;;;;;;;;aucune source de comptage disponible (voir sources);HEURISTIQUE — moyenne de z-scores (communes IDF), pas une estimation de marché;78320
315.0;78466;Orgeval;78;commune;78466;7252;;;;;;;;;;;;;;;;;;;;aucune source de comptage disponible (voir sources);HEURISTIQUE — moyenne de z-scores (communes IDF), pas une estimation de marché;78630
316.0;95205;Écouen;95;commune;95205;7202;;;;;;;;;;;;;;;;;;;;aucune source de comptage disponible (voir sources);HEURISTIQUE — moyenne de z-scores (communes IDF), pas une estimation de marché;95440
317.0;91207;Égly;91;commune;91207;7166;;;;;;;;;;;;;;;;;;;;aucune source de comptage disponible (voir sources);HEURISTIQUE — moyenne de z-scores (communes IDF), pas une estimation de marché;91520
318.0;91689;Wissous;91;commune;91689;7151;;;;;;;;;;;;;;;;;;;;aucune source de comptage disponible (voir sources);HEURISTIQUE — moyenne de z-scores (communes IDF), pas une estimation de marché;91320
319.0;78217;Épône;78;commune;78217;7031;;;;;;;;;;;;;;;;;;;;aucune source de comptage disponible (voir sources);HEURISTIQUE — moyenne de z-scores (communes IDF), pas une estimation de marché;78680
320.0;91226;Étréchy;91;commune;91226;6986;;;;;;;;;;;;;;;;;;;;aucune source de comptage disponible (voir sources);HEURISTIQUE — moyenne de z-scores (communes IDF), pas une estimation de marché;91580
321.0;77018;Bailly-Romainvilliers;77;commune;77018;6980;;;;;;;;;;;;;;;;;;;;aucune source de comptage disponible (voir sources);HEURISTIQUE — moyenne de z-scores (communes IDF), pas une estimation de marché;77700
322.0;77249;Lésigny;77;commune;77249;6923;;;;;;;;;;;;;;;;;;;;aucune source de comptage disponible (voir sources);HEURISTIQUE — moyenne de z-scores (communes IDF), pas une estimation de marché;77150
323.0;95039;Auvers-sur-Oise;95;commune;95039;6863;;;;;;;;;;;;;;;;;;;;aucune source de comptage disponible (voir sources);HEURISTIQUE — moyenne de z-scores (communes IDF), pas une estimation de marché;95430
324.0;77438;Saint-Thibault-des-Vignes;77;commune;77438;6831;;;;;;;;;;;;;;;;;;;;aucune source de comptage disponible (voir sources);HEURISTIQUE — moyenne de z-scores (communes IDF), pas une estimation de marché;77400
325.0;78220;Les Essarts-le-Roi;78;commune;78220;6831;;;;;;;;;;;;;;;;;;;;aucune source de comptage disponible (voir sources);HEURISTIQUE — moyenne de z-scores (communes IDF), pas une estimation de marché;78690
326.0;91315;Itteville;91;commune;91315;6746;;;;;;;;;;;;;;;;;;;;aucune source de comptage disponible (voir sources);HEURISTIQUE — moyenne de z-scores (communes IDF), pas une estimation de marché;91760
327.0;91587;Saulx-les-Chartreux;91;commune;91587;6733;;;;;;;;;;;;;;;;;;;;aucune source de comptage disponible (voir sources);HEURISTIQUE — moyenne de z-scores (communes IDF), pas une estimation de marché;91160
328.0;77349;Othis;77;commune;77349;6717;;;;;;;;;;;;;;;;;;;;aucune source de comptage disponible (voir sources);HEURISTIQUE — moyenne de z-scores (communes IDF), pas une estimation de marché;77280
329.0;95091;Bouffémont;95;commune;95091;6593;;;;;;;;;;;;;;;;;;;;aucune source de comptage disponible (voir sources);HEURISTIQUE — moyenne de z-scores (communes IDF), pas une estimation de marché;95570
330.0;91338;Limours;91;commune;91338;6517;;;;;;;;;;;;;;;;;;;;aucune source de comptage disponible (voir sources);HEURISTIQUE — moyenne de z-scores (communes IDF), pas une estimation de marché;91470
331.0;77079;Champagne-sur-Seine;77;commune;77079;6497;;;;;;;;;;;;;;;;;;;;aucune source de comptage disponible (voir sources);HEURISTIQUE — moyenne de z-scores (communes IDF), pas une estimation de marché;77430
332.0;91347;Longpont-sur-Orge;91;commune;91347;6482;;;;;;;;;;;;;;;;;;;;aucune source de comptage disponible (voir sources);HEURISTIQUE — moyenne de z-scores (communes IDF), pas une estimation de marché;91310
333.0;78486;Le Perray-en-Yvelines;78;commune;78486;6480;;;;;;;;;;;;;;;;;;;;aucune source de comptage disponible (voir sources);HEURISTIQUE — moyenne de z-scores (communes IDF), pas une estimation de marché;78610
334.0;77430;Saint-Pathus;77;commune;77430;6479;;;;;;;;;;;;;;;;;;;;aucune source de comptage disponible (voir sources);HEURISTIQUE — moyenne de z-scores (communes IDF), pas une estimation de marché;77178
335.0;78354;Magnanville;78;commune;78354;6383;;;;;;;;;;;;;;;;;;;;aucune source de comptage disponible (voir sources);HEURISTIQUE — moyenne de z-scores (communes IDF), pas une estimation de marché;78200
336.0;77326;Nandy;77;commune;77326;6350;;;;;;;;;;;;;;;;;;;;aucune source de comptage disponible (voir sources);HEURISTIQUE — moyenne de z-scores (communes IDF), pas une estimation de marché;77176
337.0;78396;Le Mesnil-le-Roi;78;commune;78396;6332;;;;;;;;;;;;;;;;;;;;aucune source de comptage disponible (voir sources);HEURISTIQUE — moyenne de z-scores (communes IDF), pas une estimation de marché;78600
338.0;95388;Menucourt;95;commune;95388;6184;;;;;;;;;;;;;;;;;;;;aucune source de comptage disponible (voir sources);HEURISTIQUE — moyenne de z-scores (communes IDF), pas une estimation de marché;95180
339.0;78380;Maule;78;commune;78380;6083;;;;;;;;;;;;;;;;;;;;aucune source de comptage disponible (voir sources);HEURISTIQUE — moyenne de z-scores (communes IDF), pas une estimation de marché;78580
340.0;77037;Bois-le-Roi;77;commune;77037;6072;;;;;;;;;;;;;;;;;;;;aucune source de comptage disponible (voir sources);HEURISTIQUE — moyenne de z-scores (communes IDF), pas une estimation de marché;77590
341.0;77171;Esbly;77;commune;77171;6072;;;;;;;;;;;;;;;;;;;;aucune source de comptage disponible (voir sources);HEURISTIQUE — moyenne de z-scores (communes IDF), pas une estimation de marché;77450
342.0;78321;Jouars-Pontchartrain;78;commune;78321;6039;;;;;;;;;;;;;;;;;;;;aucune source de comptage disponible (voir sources);HEURISTIQUE — moyenne de z-scores (communes IDF), pas une estimation de marché;78760
343.0;95371;Marly-la-Ville;95;commune;95371;6022;;;;;;;;;;;;;;;;;;;;aucune source de comptage disponible (voir sources);HEURISTIQUE — moyenne de z-scores (communes IDF), pas une estimation de marché;95670
344.0;77192;Fontenay-Trésigny;77;commune;77192;5994;;;;;;;;;;;;;;;;;;;;aucune source de comptage disponible (voir sources);HEURISTIQUE — moyenne de z-scores (communes IDF), pas une estimation de marché;77610
345.0;78644;La Verrière;78;commune;78644;5994;;;;;;;;;;;;;;;;;;;;aucune source de comptage disponible (voir sources);HEURISTIQUE — moyenne de z-scores (communes IDF), pas une estimation de marché;78320
346.0;94001;Ablon-sur-Seine;94;commune;94001;5988;;;;;;;;;;;;;;;;;;;;aucune source de comptage disponible (voir sources);HEURISTIQUE — moyenne de z-scores (communes IDF), pas une estimation de marché;94480
347.0;78672;Villennes-sur-Seine;78;commune;78672;5952;;;;;;;;;;;;;;;;;;;;aucune source de comptage disponible (voir sources);HEURISTIQUE — moyenne de z-scores (communes IDF), pas une estimation de marché;78670
348.0;91577;Saintry-sur-Seine;91;commune;91577;5882;;;;;;;;;;;;;;;;;;;;aucune source de comptage disponible (voir sources);HEURISTIQUE — moyenne de z-scores (communes IDF), pas une estimation de marché;91250
349.0;78537;Saint-Arnoult-en-Yvelines;78;commune;78537;5875;;;;;;;;;;;;;;;;;;;;aucune source de comptage disponible (voir sources);HEURISTIQUE — moyenne de z-scores (communes IDF), pas une estimation de marché;78730
350.0;78133;Chambourcy;78;commune;78133;5847;;;;;;;;;;;;;;;;;;;;aucune source de comptage disponible (voir sources);HEURISTIQUE — moyenne de z-scores (communes IDF), pas une estimation de marché;78240
351.0;91659;Villabé;91;commune;91659;5830;;;;;;;;;;;;;;;;;;;;aucune source de comptage disponible (voir sources);HEURISTIQUE — moyenne de z-scores (communes IDF), pas une estimation de marché;91100
352.0;78117;Buc;78;commune;78117;5816;;;;;;;;;;;;;;;;;;;;aucune source de comptage disponible (voir sources);HEURISTIQUE — moyenne de z-scores (communes IDF), pas une estimation de marché;78530
353.0;77320;Mouroux;77;commune;77320;5810;;;;;;;;;;;;;;;;;;;;aucune source de comptage disponible (voir sources);HEURISTIQUE — moyenne de z-scores (communes IDF), pas une estimation de marché;77120
354.0;95355;Magny-en-Vexin;95;commune;95355;5779;;;;;;;;;;;;;;;;;;;;aucune source de comptage disponible (voir sources);HEURISTIQUE — moyenne de z-scores (communes IDF), pas une estimation de marché;95420
355.0;91376;Marolles-en-Hurepoix;91;commune;91376;5708;;;;;;;;;;;;;;;;;;;;aucune source de comptage disponible (voir sources);HEURISTIQUE — moyenne de z-scores (communes IDF), pas une estimation de marché;91630
356.0;95480;Parmain;95;commune;95480;5655;;;;;;;;;;;;;;;;;;;;aucune source de comptage disponible (voir sources);HEURISTIQUE — moyenne de z-scores (communes IDF), pas une estimation de marché;95620
357.0;94065;Rungis;94;commune;94065;5611;;;;;;;;;;;;;;;;;;;;aucune source de comptage disponible (voir sources);HEURISTIQUE — moyenne de z-scores (communes IDF), pas une estimation de marché;94150
358.0;78502;Le Port-Marly;78;commune;78502;5559;;;;;;;;;;;;;;;;;;;;aucune source de comptage disponible (voir sources);HEURISTIQUE — moyenne de z-scores (communes IDF), pas une estimation de marché;78560
359.0;95652;Viarmes;95;commune;95652;5558;;;;;;;;;;;;;;;;;;;;aucune source de comptage disponible (voir sources);HEURISTIQUE — moyenne de z-scores (communes IDF), pas une estimation de marché;95270
360.0;77382;Quincy-Voisins;77;commune;77382;5547;;;;;;;;;;;;;;;;;;;;aucune source de comptage disponible (voir sources);HEURISTIQUE — moyenne de z-scores (communes IDF), pas une estimation de marché;77860
361.0;91330;Lardy;91;commune;91330;5530;;;;;;;;;;;;;;;;;;;;aucune source de comptage disponible (voir sources);HEURISTIQUE — moyenne de z-scores (communes IDF), pas une estimation de marché;91510
362.0;78160;Chevreuse;78;commune;78160;5502;;;;;;;;;;;;;;;;;;;;aucune source de comptage disponible (voir sources);HEURISTIQUE — moyenne de z-scores (communes IDF), pas une estimation de marché;78460
363.0;91461;Ollainville;91;commune;91461;5455;;;;;;;;;;;;;;;;;;;;aucune source de comptage disponible (voir sources);HEURISTIQUE — moyenne de z-scores (communes IDF), pas une estimation de marché;91340
364.0;77143;Crégy-lès-Meaux;77;commune;77143;5446;;;;;;;;;;;;;;;;;;;;aucune source de comptage disponible (voir sources);HEURISTIQUE — moyenne de z-scores (communes IDF), pas une estimation de marché;77124
365.0;77431;Saint-Pierre-lès-Nemours;77;commune;77431;5401;;;;;;;;;;;;;;;;;;;;aucune source de comptage disponible (voir sources);HEURISTIQUE — moyenne de z-scores (communes IDF), pas une estimation de marché;77140
366.0;95392;Mériel;95;commune;95392;5347;;;;;;;;;;;;;;;;;;;;aucune source de comptage disponible (voir sources);HEURISTIQUE — moyenne de z-scores (communes IDF), pas une estimation de marché;95630
367.0;77317;Mormant;77;commune;77317;5282;;;;;;;;;;;;;;;;;;;;aucune source de comptage disponible (voir sources);HEURISTIQUE — moyenne de z-scores (communes IDF), pas une estimation de marché;77720
368.0;78638;Vaux-sur-Seine;78;commune;78638;5202;;;;;;;;;;;;;;;;;;;;aucune source de comptage disponible (voir sources);HEURISTIQUE — moyenne de z-scores (communes IDF), pas une estimation de marché;78740
369.0;77055;Brou-sur-Chantereine;77;commune;77055;5196;;;;;;;;;;;;;;;;;;;;aucune source de comptage disponible (voir sources);HEURISTIQUE — moyenne de z-scores (communes IDF), pas une estimation de marché;77177
370.0;93015;Coubron;93;commune;93015;5175;;;;;;;;;;;;;;;;;;;;aucune source de comptage disponible (voir sources);HEURISTIQUE — moyenne de z-scores (communes IDF), pas une estimation de marché;93470
371.0;78224;L'Étang-la-Ville;78;commune;78224;5157;;;;;;;;;;;;;;;;;;;;aucune source de comptage disponible (voir sources);HEURISTIQUE — moyenne de z-scores (communes IDF), pas une estimation de marché;78620
372.0;77475;Trilport;77;commune;77475;5146;;;;;;;;;;;;;;;;;;;;aucune source de comptage disponible (voir sources);HEURISTIQUE — moyenne de z-scores (communes IDF), pas une estimation de marché;77470
373.0;91540;Saint-Chéron;91;commune;91540;5132;;;;;;;;;;;;;;;;;;;;aucune source de comptage disponible (voir sources);HEURISTIQUE — moyenne de z-scores (communes IDF), pas une estimation de marché;91530
374.0;77513;Villenoy;77;commune;77513;5127;;;;;;;;;;;;;;;;;;;;aucune source de comptage disponible (voir sources);HEURISTIQUE — moyenne de z-scores (communes IDF), pas une estimation de marché;77124
375.0;78089;Bonnières-sur-Seine;78;commune;78089;5064;;;;;;;;;;;;;;;;;;;;aucune source de comptage disponible (voir sources);HEURISTIQUE — moyenne de z-scores (communes IDF), pas une estimation de marché;78270
376.0;95134;Champagne-sur-Oise;95;commune;95134;5036;;;;;;;;;;;;;;;;;;;;aucune source de comptage disponible (voir sources);HEURISTIQUE — moyenne de z-scores (communes IDF), pas une estimation de marché;95660
377.0;95352;Luzarches;95;commune;95352;5008;;;;;;;;;;;;;;;;;;;;aucune source de comptage disponible (voir sources);HEURISTIQUE — moyenne de z-scores (communes IDF), pas une estimation de marché;95270
378.0;77142;Crécy-la-Chapelle;77;commune;77142;4973;;;;;;;;;;;;;;;;;;;;aucune source de comptage disponible (voir sources);HEURISTIQUE — moyenne de z-scores (communes IDF), pas une estimation de marché;77580
379.0;78571;Saint-Nom-la-Bretèche;78;commune;78571;4965;;;;;;;;;;;;;;;;;;;;aucune source de comptage disponible (voir sources);HEURISTIQUE — moyenne de z-scores (communes IDF), pas une estimation de marché;78860
380.0;77458;Souppes-sur-Loing;77;commune;77458;4952;;;;;;;;;;;;;;;;;;;;aucune source de comptage disponible (voir sources);HEURISTIQUE — moyenne de z-scores (communes IDF), pas une estimation de marché;77460
381.0;94047;Mandres-les-Roses;94;commune;94047;4922;;;;;;;;;;;;;;;;;;;;aucune source de comptage disponible (voir sources);HEURISTIQUE — moyenne de z-scores (communes IDF), pas une estimation de marché;94520
382.0;95116;Bruyères-sur-Oise;95;commune;95116;4921;;;;;;;;;;;;;;;;;;;;aucune source de comptage disponible (voir sources);HEURISTIQUE — moyenne de z-scores (communes IDF), pas une estimation de marché;95820
383.0;91044;Ballainvilliers;91;commune;91044;4904;;;;;;;;;;;;;;;;;;;;aucune source de comptage disponible (voir sources);HEURISTIQUE — moyenne de z-scores (communes IDF), pas une estimation de marché;91160
384.0;91179;Le Coudray-Montceaux;91;commune;91179;4801;;;;;;;;;;;;;;;;;;;;aucune source de comptage disponible (voir sources);HEURISTIQUE — moyenne de z-scores (communes IDF), pas une estimation de marché;91830
385.0;94048;Marolles-en-Brie;94;commune;94048;4781;;;;;;;;;;;;;;;;;;;;aucune source de comptage disponible (voir sources);HEURISTIQUE — moyenne de z-scores (communes IDF), pas une estimation de marché;94440
386.0;77182;La Ferté-Gaucher;77;commune;77182;4743;;;;;;;;;;;;;;;;;;;;aucune source de comptage disponible (voir sources);HEURISTIQUE — moyenne de z-scores (communes IDF), pas une estimation de marché;77320
387.0;91064;Bièvres;91;commune;91064;4686;;;;;;;;;;;;;;;;;;;;aucune source de comptage disponible (voir sources);HEURISTIQUE — moyenne de z-scores (communes IDF), pas une estimation de marché;91570
388.0;94053;Noiseau;94;commune;94053;4628;;;;;;;;;;;;;;;;;;;;aucune source de comptage disponible (voir sources);HEURISTIQUE — moyenne de z-scores (communes IDF), pas une estimation de marché;94880
389.0;95257;La Frette-sur-Seine;95;commune;95257;4570;;;;;;;;;;;;;;;;;;;;aucune source de comptage disponible (voir sources);HEURISTIQUE — moyenne de z-scores (communes IDF), pas une estimation de marché;95530
390.0;91405;Milly-la-Forêt;91;commune;91405;4562;;;;;;;;;;;;;;;;;;;;aucune source de comptage disponible (voir sources);HEURISTIQUE — moyenne de z-scores (communes IDF), pas une estimation de marché;91490
391.0;95612;Le Thillay;95;commune;95612;4560;;;;;;;;;;;;;;;;;;;;aucune source de comptage disponible (voir sources);HEURISTIQUE — moyenne de z-scores (communes IDF), pas une estimation de marché;95500
392.0;91685;Villiers-sur-Orge;91;commune;91685;4545;;;;;;;;;;;;;;;;;;;;aucune source de comptage disponible (voir sources);HEURISTIQUE — moyenne de z-scores (communes IDF), pas une estimation de marché;91700
393.0;78255;Freneuse;78;commune;78255;4505;;;;;;;;;;;;;;;;;;;;aucune source de comptage disponible (voir sources);HEURISTIQUE — moyenne de z-scores (communes IDF), pas une estimation de marché;78840
394.0;91458;Nozay;91;commune;91458;4471;;;;;;;;;;;;;;;;;;;;aucune source de comptage disponible (voir sources);HEURISTIQUE — moyenne de z-scores (communes IDF), pas une estimation de marché;91620
395.0;78382;Maurecourt;78;commune;78382;4454;;;;;;;;;;;;;;;;;;;;aucune source de comptage disponible (voir sources);HEURISTIQUE — moyenne de z-scores (communes IDF), pas une estimation de marché;78780
396.0;77222;Guignes;77;commune;77222;4448;;;;;;;;;;;;;;;;;;;;aucune source de comptage disponible (voir sources);HEURISTIQUE — moyenne de z-scores (communes IDF), pas une estimation de marché;77390
397.0;91534;Saclay;91;commune;91534;4437;;;;;;;;;;;;;;;;;;;;aucune source de comptage disponible (voir sources);HEURISTIQUE — moyenne de z-scores (communes IDF), pas une estimation de marché;91400
398.0;91016;Angerville;91;commune;91016;4428;;;;;;;;;;;;;;;;;;;;aucune source de comptage disponible (voir sources);HEURISTIQUE — moyenne de z-scores (communes IDF), pas une estimation de marché;91670
399.0;91433;Morigny-Champigny;91;commune;91433;4412;;;;;;;;;;;;;;;;;;;;aucune source de comptage disponible (voir sources);HEURISTIQUE — moyenne de z-scores (communes IDF), pas une estimation de marché;91150
400.0;91617;Tigery;91;commune;91617;4333;;;;;;;;;;;;;;;;;;;;aucune source de comptage disponible (voir sources);HEURISTIQUE — moyenne de z-scores (communes IDF), pas une estimation de marché;91250
401.0;78168;Coignières;78;commune;78168;4321;;;;;;;;;;;;;;;;;;;;aucune source de comptage disponible (voir sources);HEURISTIQUE — moyenne de z-scores (communes IDF), pas une estimation de marché;78310
402.0;78206;Ecquevilly;78;commune;78206;4279;;;;;;;;;;;;;;;;;;;;aucune source de comptage disponible (voir sources);HEURISTIQUE — moyenne de z-scores (communes IDF), pas une estimation de marché;78920
403.0;91333;Leuville-sur-Orge;91;commune;91333;4271;;;;;;;;;;;;;;;;;;;;aucune source de comptage disponible (voir sources);HEURISTIQUE — moyenne de z-scores (communes IDF), pas une estimation de marché;91310
404.0;91457;La Norville;91;commune;91457;4268;;;;;;;;;;;;;;;;;;;;aucune source de comptage disponible (voir sources);HEURISTIQUE — moyenne de z-scores (communes IDF), pas une estimation de marché;91290
405.0;91249;Forges-les-Bains;91;commune;91249;4241;;;;;;;;;;;;;;;;;;;;aucune source de comptage disponible (voir sources);HEURISTIQUE — moyenne de z-scores (communes IDF), pas une estimation de marché;91470
406.0;77238;Jouarre;77;commune;77238;4221;;;;;;;;;;;;;;;;;;;;aucune source de comptage disponible (voir sources);HEURISTIQUE — moyenne de z-scores (communes IDF), pas une estimation de marché;77640
407.0;77372;Pomponne;77;commune;77372;4215;;;;;;;;;;;;;;;;;;;;aucune source de comptage disponible (voir sources);HEURISTIQUE — moyenne de z-scores (communes IDF), pas une estimation de marché;77400
408.0;77100;Le Châtelet-en-Brie;77;commune;77100;4207;;;;;;;;;;;;;;;;;;;;aucune source de comptage disponible (voir sources);HEURISTIQUE — moyenne de z-scores (communes IDF), pas une estimation de marché;77820
409.0;91494;Le Plessis-Pâté;91;commune;91494;4154;;;;;;;;;;;;;;;;;;;;aucune source de comptage disponible (voir sources);HEURISTIQUE — moyenne de z-scores (communes IDF), pas une estimation de marché;91220
410.0;78367;Mareil-Marly;78;commune;78367;4141;;;;;;;;;;;;;;;;;;;;aucune source de comptage disponible (voir sources);HEURISTIQUE — moyenne de z-scores (communes IDF), pas une estimation de marché;78750
411.0;77085;Chanteloup-en-Brie;77;commune;77085;4130;;;;;;;;;;;;;;;;;;;;aucune source de comptage disponible (voir sources);HEURISTIQUE — moyenne de z-scores (communes IDF), pas une estimation de marché;77600
412.0;95604;Survilliers;95;commune;95604;4091;;;;;;;;;;;;;;;;;;;;aucune source de comptage disponible (voir sources);HEURISTIQUE — moyenne de z-scores (communes IDF), pas une estimation de marché;95470
413.0;77114;Chevry-Cossigny;77;commune;77114;4075;;;;;;;;;;;;;;;;;;;;aucune source de comptage disponible (voir sources);HEURISTIQUE — moyenne de z-scores (communes IDF), pas une estimation de marché;77173
414.0;78327;Juziers;78;commune;78327;4065;;;;;;;;;;;;;;;;;;;;aucune source de comptage disponible (voir sources);HEURISTIQUE — moyenne de z-scores (communes IDF), pas une estimation de marché;78820
415.0;78314;Issou;78;commune;78314;4060;;;;;;;;;;;;;;;;;;;;aucune source de comptage disponible (voir sources);HEURISTIQUE — moyenne de z-scores (communes IDF), pas une estimation de marché;78440
416.0;95430;Montsoult;95;commune;95430;4023;;;;;;;;;;;;;;;;;;;;aucune source de comptage disponible (voir sources);HEURISTIQUE — moyenne de z-scores (communes IDF), pas une estimation de marché;95560
417.0;95504;Presles;95;commune;95504;4017;;;;;;;;;;;;;;;;;;;;aucune source de comptage disponible (voir sources);HEURISTIQUE — moyenne de z-scores (communes IDF), pas une estimation de marché;95590
418.0;77315;Montry;77;commune;77315;3945;;;;;;;;;;;;;;;;;;;;aucune source de comptage disponible (voir sources);HEURISTIQUE — moyenne de z-scores (communes IDF), pas une estimation de marché;77450
419.0;77040;Boissise-le-Roi;77;commune;77040;3941;;;;;;;;;;;;;;;;;;;;aucune source de comptage disponible (voir sources);HEURISTIQUE — moyenne de z-scores (communes IDF), pas une estimation de marché;77310
420.0;77181;Ferrières-en-Brie;77;commune;77181;3932;;;;;;;;;;;;;;;;;;;;aucune source de comptage disponible (voir sources);HEURISTIQUE — moyenne de z-scores (communes IDF), pas une estimation de marché;77164
421.0;77389;La Rochette;77;commune;77389;3932;;;;;;;;;;;;;;;;;;;;aucune source de comptage disponible (voir sources);HEURISTIQUE — moyenne de z-scores (communes IDF), pas une estimation de marché;77000
422.0;78402;Mézières-sur-Seine;78;commune;78402;3923;;;;;;;;;;;;;;;;;;;;aucune source de comptage disponible (voir sources);HEURISTIQUE — moyenne de z-scores (communes IDF), pas une estimation de marché;78970
423.0;78003;Ablis;78;commune;78003;3913;;;;;;;;;;;;;;;;;;;;aucune source de comptage disponible (voir sources);HEURISTIQUE — moyenne de z-scores (communes IDF), pas une estimation de marché;78660
424.0;94070;Santeny;94;commune;94070;3913;;;;;;;;;;;;;;;;;;;;aucune source de comptage disponible (voir sources);HEURISTIQUE — moyenne de z-scores (communes IDF), pas une estimation de marché;94440
425.0;77413;Saint-Germain-sur-Morin;77;commune;77413;3902;;;;;;;;;;;;;;;;;;;;aucune source de comptage disponible (voir sources);HEURISTIQUE — moyenne de z-scores (communes IDF), pas une estimation de marché;77860
426.0;91085;Boissy-sous-Saint-Yon;91;commune;91085;3882;;;;;;;;;;;;;;;;;;;;aucune source de comptage disponible (voir sources);HEURISTIQUE — moyenne de z-scores (communes IDF), pas une estimation de marché;91790
427.0;77378;Pringy;77;commune;77378;3864;;;;;;;;;;;;;;;;;;;;aucune source de comptage disponible (voir sources);HEURISTIQUE — moyenne de z-scores (communes IDF), pas une estimation de marché;77310
428.0;77420;Saint-Mard;77;commune;77420;3832;;;;;;;;;;;;;;;;;;;;aucune source de comptage disponible (voir sources);HEURISTIQUE — moyenne de z-scores (communes IDF), pas une estimation de marché;77230
429.0;91115;Bruyères-le-Châtel;91;commune;91115;3788;;;;;;;;;;;;;;;;;;;;aucune source de comptage disponible (voir sources);HEURISTIQUE — moyenne de z-scores (communes IDF), pas une estimation de marché;91680
430.0;77335;Chauconin-Neufmontiers;77;commune;77335;3784;;;;;;;;;;;;;;;;;;;;aucune source de comptage disponible (voir sources);HEURISTIQUE — moyenne de z-scores (communes IDF), pas une estimation de marché;77124
431.0;95509;Puiseux-en-France;95;commune;95509;3765;;;;;;;;;;;;;;;;;;;;aucune source de comptage disponible (voir sources);HEURISTIQUE — moyenne de z-scores (communes IDF), pas une estimation de marché;95380
432.0;77482;Varennes-sur-Seine;77;commune;77482;3748;;;;;;;;;;;;;;;;;;;;aucune source de comptage disponible (voir sources);HEURISTIQUE — moyenne de z-scores (communes IDF), pas une estimation de marché;77130
433.0;78043;Bailly;78;commune;78043;3731;;;;;;;;;;;;;;;;;;;;aucune source de comptage disponible (voir sources);HEURISTIQUE — moyenne de z-scores (communes IDF), pas une estimation de marché;78870
434.0;91232;La Ferté-Alais;91;commune;91232;3731;;;;;;;;;;;;;;;;;;;;aucune source de comptage disponible (voir sources);HEURISTIQUE — moyenne de z-scores (communes IDF), pas une estimation de marché;91590
435.0;78310;Houdan;78;commune;78310;3721;;;;;;;;;;;;;;;;;;;;aucune source de comptage disponible (voir sources);HEURISTIQUE — moyenne de z-scores (communes IDF), pas une estimation de marché;78550
436.0;77155;Dampmart;77;commune;77155;3677;;;;;;;;;;;;;;;;;;;;aucune source de comptage disponible (voir sources);HEURISTIQUE — moyenne de z-scores (communes IDF), pas une estimation de marché;77400
437.0;77257;Lizy-sur-Ourcq;77;commune;77257;3627;;;;;;;;;;;;;;;;;;;;aucune source de comptage disponible (voir sources);HEURISTIQUE — moyenne de z-scores (communes IDF), pas une estimation de marché;77440
438.0;95370;Marines;95;commune;95370;3594;;;;;;;;;;;;;;;;;;;;aucune source de comptage disponible (voir sources);HEURISTIQUE — moyenne de z-scores (communes IDF), pas une estimation de marché;95640
439.0;77450;Servon;77;commune;77450;3565;;;;;;;;;;;;;;;;;;;;aucune source de comptage disponible (voir sources);HEURISTIQUE — moyenne de z-scores (communes IDF), pas une estimation de marché;77170
440.0;77437;Saint-Soupplets;77;commune;77437;3542;;;;;;;;;;;;;;;;;;;;aucune source de comptage disponible (voir sources);HEURISTIQUE — moyenne de z-scores (communes IDF), pas une estimation de marché;77165
441.0;77394;Rubelles;77;commune;77394;3537;;;;;;;;;;;;;;;;;;;;aucune source de comptage disponible (voir sources);HEURISTIQUE — moyenne de z-scores (communes IDF), pas une estimation de marché;77950
442.0;91129;Cerny;91;commune;91129;3531;;;;;;;;;;;;;;;;;;;;aucune source de comptage disponible (voir sources);HEURISTIQUE — moyenne de z-scores (communes IDF), pas une estimation de marché;91590
443.0;77107;Chaumes-en-Brie;77;commune;77107;3503;;;;;;;;;;;;;;;;;;;;aucune source de comptage disponible (voir sources);HEURISTIQUE — moyenne de z-scores (communes IDF), pas une estimation de marché;77390
444.0;91390;Le Mérévillois;91;commune;91390;3477;;;;;;;;;;;;;;;;;;;;aucune source de comptage disponible (voir sources);HEURISTIQUE — moyenne de z-scores (communes IDF), pas une estimation de marché;91660
445.0;77005;Annet-sur-Marne;77;commune;77005;3408;;;;;;;;;;;;;;;;;;;;aucune source de comptage disponible (voir sources);HEURISTIQUE — moyenne de z-scores (communes IDF), pas une estimation de marché;77410
446.0;78683;Villiers-Saint-Frédéric;78;commune;78683;3395;;;;;;;;;;;;;;;;;;;;aucune source de comptage disponible (voir sources);HEURISTIQUE — moyenne de z-scores (communes IDF), pas une estimation de marché;78640
447.0;77463;Thomery;77;commune;77463;3384;;;;;;;;;;;;;;;;;;;;aucune source de comptage disponible (voir sources);HEURISTIQUE — moyenne de z-scores (communes IDF), pas une estimation de marché;77810
448.0;78501;Porcheville;78;commune;78501;3382;;;;;;;;;;;;;;;;;;;;aucune source de comptage disponible (voir sources);HEURISTIQUE — moyenne de z-scores (communes IDF), pas une estimation de marché;78440
449.0;78118;Buchelay;78;commune;78118;3360;;;;;;;;;;;;;;;;;;;;aucune source de comptage disponible (voir sources);HEURISTIQUE — moyenne de z-scores (communes IDF), pas une estimation de marché;78200
450.0;77121;Collégien;77;commune;77121;3354;;;;;;;;;;;;;;;;;;;;aucune source de comptage disponible (voir sources);HEURISTIQUE — moyenne de z-scores (communes IDF), pas une estimation de marché;77090
451.0;77042;Boissy-le-Châtel;77;commune;77042;3346;;;;;;;;;;;;;;;;;;;;aucune source de comptage disponible (voir sources);HEURISTIQUE — moyenne de z-scores (communes IDF), pas une estimation de marché;77169
452.0;77276;Mareuil-lès-Meaux;77;commune;77276;3345;;;;;;;;;;;;;;;;;;;;aucune source de comptage disponible (voir sources);HEURISTIQUE — moyenne de z-scores (communes IDF), pas une estimation de marché;77100
453.0;91111;Briis-sous-Forges;91;commune;91111;3342;;;;;;;;;;;;;;;;;;;;aucune source de comptage disponible (voir sources);HEURISTIQUE — moyenne de z-scores (communes IDF), pas une estimation de marché;91640
454.0;95149;Chaumontel;95;commune;95149;3332;;;;;;;;;;;;;;;;;;;;aucune source de comptage disponible (voir sources);HEURISTIQUE — moyenne de z-scores (communes IDF), pas une estimation de marché;95270
455.0;77175;Évry-Grégy-sur-Yerre;77;commune;77175;3321;;;;;;;;;;;;;;;;;;;;aucune source de comptage disponible (voir sources);HEURISTIQUE — moyenne de z-scores (communes IDF), pas une estimation de marché;77166
456.0;95256;Frépillon;95;commune;95256;3317;;;;;;;;;;;;;;;;;;;;aucune source de comptage disponible (voir sources);HEURISTIQUE — moyenne de z-scores (communes IDF), pas une estimation de marché;95740
457.0;77322;Moussy-le-Neuf;77;commune;77322;3253;;;;;;;;;;;;;;;;;;;;aucune source de comptage disponible (voir sources);HEURISTIQUE — moyenne de z-scores (communes IDF), pas une estimation de marché;77230
458.0;78442;Neauphle-le-Château;78;commune;78442;3250;;;;;;;;;;;;;;;;;;;;aucune source de comptage disponible (voir sources);HEURISTIQUE — moyenne de z-scores (communes IDF), pas une estimation de marché;78640
459.0;91468;Ormoy;91;commune;91468;3225;;;;;;;;;;;;;;;;;;;;aucune source de comptage disponible (voir sources);HEURISTIQUE — moyenne de z-scores (communes IDF), pas une estimation de marché;91540
460.0;77493;Verneuil-l'Étang;77;commune;77493;3223;;;;;;;;;;;;;;;;;;;;aucune source de comptage disponible (voir sources);HEURISTIQUE — moyenne de z-scores (communes IDF), pas une estimation de marché;77390
461.0;77419;Saint-Mammès;77;commune;77419;3162;;;;;;;;;;;;;;;;;;;;aucune source de comptage disponible (voir sources);HEURISTIQUE — moyenne de z-scores (communes IDF), pas une estimation de marché;77670
462.0;77259;Longperrier;77;commune;77259;3152;;;;;;;;;;;;;;;;;;;;aucune source de comptage disponible (voir sources);HEURISTIQUE — moyenne de z-scores (communes IDF), pas une estimation de marché;77230
463.0;77099;Château-Landon;77;commune;77099;3149;;;;;;;;;;;;;;;;;;;;aucune source de comptage disponible (voir sources);HEURISTIQUE — moyenne de z-scores (communes IDF), pas une estimation de marché;77570
464.0;91099;Boutigny-sur-Essonne;91;commune;91099;3146;;;;;;;;;;;;;;;;;;;;aucune source de comptage disponible (voir sources);HEURISTIQUE — moyenne de z-scores (communes IDF), pas une estimation de marché;91820
465.0;95026;Asnières-sur-Oise;95;commune;95026;3127;;;;;;;;;;;;;;;;;;;;aucune source de comptage disponible (voir sources);HEURISTIQUE — moyenne de z-scores (communes IDF), pas une estimation de marché;95270
466.0;95641;Vémars;95;commune;95641;3124;;;;;;;;;;;;;;;;;;;;aucune source de comptage disponible (voir sources);HEURISTIQUE — moyenne de z-scores (communes IDF), pas une estimation de marché;95470
467.0;78431;Morainvilliers;78;commune;78431;3120;;;;;;;;;;;;;;;;;;;;aucune source de comptage disponible (voir sources);HEURISTIQUE — moyenne de z-scores (communes IDF), pas une estimation de marché;78630
468.0;91225;Étiolles;91;commune;91225;3105;;;;;;;;;;;;;;;;;;;;aucune source de comptage disponible (voir sources);HEURISTIQUE — moyenne de z-scores (communes IDF), pas une estimation de marché;91450
469.0;91579;Saint-Vrain;91;commune;91579;3089;;;;;;;;;;;;;;;;;;;;aucune source de comptage disponible (voir sources);HEURISTIQUE — moyenne de z-scores (communes IDF), pas une estimation de marché;91770
470.0;77132;Coupvray;77;commune;77132;3066;;;;;;;;;;;;;;;;;;;;aucune source de comptage disponible (voir sources);HEURISTIQUE — moyenne de z-scores (communes IDF), pas une estimation de marché;77700
471.0;77176;Faremoutiers;77;commune;77176;3057;;;;;;;;;;;;;;;;;;;;aucune source de comptage disponible (voir sources);HEURISTIQUE — moyenne de z-scores (communes IDF), pas une estimation de marché;77515
472.0;77371;Pommeuse;77;commune;77371;3049;;;;;;;;;;;;;;;;;;;;aucune source de comptage disponible (voir sources);HEURISTIQUE — moyenne de z-scores (communes IDF), pas une estimation de marché;77515
473.0;78233;Feucherolles;78;commune;78233;3043;;;;;;;;;;;;;;;;;;;;aucune source de comptage disponible (voir sources);HEURISTIQUE — moyenne de z-scores (communes IDF), pas une estimation de marché;78810
474.0;95426;Montlignon;95;commune;95426;3038;;;;;;;;;;;;;;;;;;;;aucune source de comptage disponible (voir sources);HEURISTIQUE — moyenne de z-scores (communes IDF), pas une estimation de marché;95680
475.0;95369;Margency;95;commune;95369;3012;;;;;;;;;;;;;;;;;;;;aucune source de comptage disponible (voir sources);HEURISTIQUE — moyenne de z-scores (communes IDF), pas une estimation de marché;95580
476.0;77217;Grisy-Suisnes;77;commune;77217;2948;;;;;;;;;;;;;;;;;;;;aucune source de comptage disponible (voir sources);HEURISTIQUE — moyenne de z-scores (communes IDF), pas une estimation de marché;77166
477.0;77210;La Grande-Paroisse;77;commune;77210;2893;;;;;;;;;;;;;;;;;;;;aucune source de comptage disponible (voir sources);HEURISTIQUE — moyenne de z-scores (communes IDF), pas une estimation de marché;77130
478.0;77409;Saint-Germain-Laval;77;commune;77409;2888;;;;;;;;;;;;;;;;;;;;aucune source de comptage disponible (voir sources);HEURISTIQUE — moyenne de z-scores (communes IDF), pas une estimation de marché;77130
479.0;77393;Rozay-en-Brie;77;commune;77393;2860;;;;;;;;;;;;;;;;;;;;aucune source de comptage disponible (voir sources);HEURISTIQUE — moyenne de z-scores (communes IDF), pas une estimation de marché;77540
480.0;91135;Champcueil;91;commune;91135;2854;;;;;;;;;;;;;;;;;;;;aucune source de comptage disponible (voir sources);HEURISTIQUE — moyenne de z-scores (communes IDF), pas une estimation de marché;91750
481.0;91359;Maisse;91;commune;91359;2797;;;;;;;;;;;;;;;;;;;;aucune source de comptage disponible (voir sources);HEURISTIQUE — moyenne de z-scores (communes IDF), pas une estimation de marché;91720
482.0;78420;Montfort-l'Amaury;78;commune;78420;2779;;;;;;;;;;;;;;;;;;;;aucune source de comptage disponible (voir sources);HEURISTIQUE — moyenne de z-scores (communes IDF), pas une estimation de marché;78490
483.0;77048;Bourron-Marlotte;77;commune;77048;2774;;;;;;;;;;;;;;;;;;;;aucune source de comptage disponible (voir sources);HEURISTIQUE — moyenne de z-scores (communes IDF), pas une estimation de marché;77780
484.0;77061;Cannes-Écluse;77;commune;77061;2742;;;;;;;;;;;;;;;;;;;;aucune source de comptage disponible (voir sources);HEURISTIQUE — moyenne de z-scores (communes IDF), pas une estimation de marché;77130
485.0;95014;Andilly;95;commune;95014;2742;;;;;;;;;;;;;;;;;;;;aucune source de comptage disponible (voir sources);HEURISTIQUE — moyenne de z-scores (communes IDF), pas une estimation de marché;95580
486.0;77533;Vulaines-sur-Seine;77;commune;77533;2730;;;;;;;;;;;;;;;;;;;;aucune source de comptage disponible (voir sources);HEURISTIQUE — moyenne de z-scores (communes IDF), pas une estimation de marché;77870
487.0;94056;Périgny;94;commune;94056;2724;;;;;;;;;;;;;;;;;;;;aucune source de comptage disponible (voir sources);HEURISTIQUE — moyenne de z-scores (communes IDF), pas une estimation de marché;94520
488.0;95580;Saint-Witz;95;commune;95580;2724;;;;;;;;;;;;;;;;;;;;aucune source de comptage disponible (voir sources);HEURISTIQUE — moyenne de z-scores (communes IDF), pas une estimation de marché;95470
489.0;91649;Vert-le-Petit;91;commune;91649;2714;;;;;;;;;;;;;;;;;;;;aucune source de comptage disponible (voir sources);HEURISTIQUE — moyenne de z-scores (communes IDF), pas une estimation de marché;91710
490.0;77159;Donnemarie-Dontilly;77;commune;77159;2706;;;;;;;;;;;;;;;;;;;;aucune source de comptage disponible (voir sources);HEURISTIQUE — moyenne de z-scores (communes IDF), pas une estimation de marché;77520
491.0;95566;Saint-Martin-du-Tertre;95;commune;95566;2689;;;;;;;;;;;;;;;;;;;;aucune source de comptage disponible (voir sources);HEURISTIQUE — moyenne de z-scores (communes IDF), pas une estimation de marché;95270
492.0;77219;Guérard;77;commune;77219;2688;;;;;;;;;;;;;;;;;;;;aucune source de comptage disponible (voir sources);HEURISTIQUE — moyenne de z-scores (communes IDF), pas une estimation de marché;77580
493.0;95058;Bernes-sur-Oise;95;commune;95058;2684;;;;;;;;;;;;;;;;;;;;aucune source de comptage disponible (voir sources);HEURISTIQUE — moyenne de z-scores (communes IDF), pas une estimation de marché;95340
494.0;95527;Roissy-en-France;95;commune;95527;2674;;;;;;;;;;;;;;;;;;;;aucune source de comptage disponible (voir sources);HEURISTIQUE — moyenne de z-scores (communes IDF), pas une estimation de marché;95700
495.0;77312;Montigny-sur-Loing;77;commune;77312;2669;;;;;;;;;;;;;;;;;;;;aucune source de comptage disponible (voir sources);HEURISTIQUE — moyenne de z-scores (communes IDF), pas une estimation de marché;77690
496.0;77096;Chartrettes;77;commune;77096;2633;;;;;;;;;;;;;;;;;;;;aucune source de comptage disponible (voir sources);HEURISTIQUE — moyenne de z-scores (communes IDF), pas une estimation de marché;77590
497.0;77494;Vernou-la-Celle-sur-Seine;77;commune;77494;2630;;;;;;;;;;;;;;;;;;;;aucune source de comptage disponible (voir sources);HEURISTIQUE — moyenne de z-scores (communes IDF), pas une estimation de marché;77670
498.0;91275;Gometz-le-Châtel;91;commune;91275;2630;;;;;;;;;;;;;;;;;;;;aucune source de comptage disponible (voir sources);HEURISTIQUE — moyenne de z-scores (communes IDF), pas une estimation de marché;91940
499.0;78513;La Queue-les-Yvelines;78;commune;78513;2629;;;;;;;;;;;;;;;;;;;;aucune source de comptage disponible (voir sources);HEURISTIQUE — moyenne de z-scores (communes IDF), pas une estimation de marché;78940
500.0;78265;Garancières;78;commune;78265;2621;;;;;;;;;;;;;;;;;;;;aucune source de comptage disponible (voir sources);HEURISTIQUE — moyenne de z-scores (communes IDF), pas une estimation de marché;78890
501.0;91136;Champlan;91;commune;91136;2615;;;;;;;;;;;;;;;;;;;;aucune source de comptage disponible (voir sources);HEURISTIQUE — moyenne de z-scores (communes IDF), pas une estimation de marché;91160
502.0;78299;Hardricourt;78;commune;78299;2599;;;;;;;;;;;;;;;;;;;;aucune source de comptage disponible (voir sources);HEURISTIQUE — moyenne de z-scores (communes IDF), pas une estimation de marché;78250
503.0;78263;Gambais;78;commune;78263;2574;;;;;;;;;;;;;;;;;;;;aucune source de comptage disponible (voir sources);HEURISTIQUE — moyenne de z-scores (communes IDF), pas une estimation de marché;78950
504.0;91666;Villejust;91;commune;91666;2558;;;;;;;;;;;;;;;;;;;;aucune source de comptage disponible (voir sources);HEURISTIQUE — moyenne de z-scores (communes IDF), pas une estimation de marché;91140
505.0;77226;Héricy;77;commune;77226;2507;;;;;;;;;;;;;;;;;;;;aucune source de comptage disponible (voir sources);HEURISTIQUE — moyenne de z-scores (communes IDF), pas une estimation de marché;77850
506.0;77344;Oissery;77;commune;77344;2496;;;;;;;;;;;;;;;;;;;;aucune source de comptage disponible (voir sources);HEURISTIQUE — moyenne de z-scores (communes IDF), pas une estimation de marché;77178
507.0;78465;Orgerus;78;commune;78465;2489;;;;;;;;;;;;;;;;;;;;aucune source de comptage disponible (voir sources);HEURISTIQUE — moyenne de z-scores (communes IDF), pas une estimation de marché;78910
508.0;91631;Varennes-Jarcy;91;commune;91631;2465;;;;;;;;;;;;;;;;;;;;aucune source de comptage disponible (voir sources);HEURISTIQUE — moyenne de z-scores (communes IDF), pas une estimation de marché;91480
509.0;78238;Flins-sur-Seine;78;commune;78238;2447;;;;;;;;;;;;;;;;;;;;aucune source de comptage disponible (voir sources);HEURISTIQUE — moyenne de z-scores (communes IDF), pas une estimation de marché;78410
510.0;91648;Vert-le-Grand;91;commune;91648;2444;;;;;;;;;;;;;;;;;;;;aucune source de comptage disponible (voir sources);HEURISTIQUE — moyenne de z-scores (communes IDF), pas une estimation de marché;91810
511.0;77442;Samoreau;77;commune;77442;2384;;;;;;;;;;;;;;;;;;;;aucune source de comptage disponible (voir sources);HEURISTIQUE — moyenne de z-scores (communes IDF), pas une estimation de marché;77210
512.0;77377;Presles-en-Brie;77;commune;77377;2369;;;;;;;;;;;;;;;;;;;;aucune source de comptage disponible (voir sources);HEURISTIQUE — moyenne de z-scores (communes IDF), pas une estimation de marché;77220
513.0;91243;Fontenay-lès-Briis;91;commune;91243;2350;;;;;;;;;;;;;;;;;;;;aucune source de comptage disponible (voir sources);HEURISTIQUE — moyenne de z-scores (communes IDF), pas une estimation de marché;91640
514.0;77051;Bray-sur-Seine;77;commune;77051;2344;;;;;;;;;;;;;;;;;;;;aucune source de comptage disponible (voir sources);HEURISTIQUE — moyenne de z-scores (communes IDF), pas une estimation de marché;77480
515.0;77385;Rebais;77;commune;77385;2294;;;;;;;;;;;;;;;;;;;;aucune source de comptage disponible (voir sources);HEURISTIQUE — moyenne de z-scores (communes IDF), pas une estimation de marché;77510
516.0;91511;Pussay;91;commune;91511;2288;;;;;;;;;;;;;;;;;;;;aucune source de comptage disponible (voir sources);HEURISTIQUE — moyenne de z-scores (communes IDF), pas une estimation de marché;91740
517.0;78591;Septeuil;78;commune;78591;2264;;;;;;;;;;;;;;;;;;;;aucune source de comptage disponible (voir sources);HEURISTIQUE — moyenne de z-scores (communes IDF), pas une estimation de marché;78790
518.0;95120;Butry-sur-Oise;95;commune;95120;2252;;;;;;;;;;;;;;;;;;;;aucune source de comptage disponible (voir sources);HEURISTIQUE — moyenne de z-scores (communes IDF), pas une estimation de marché;95430
519.0;95056;Belloy-en-France;95;commune;95056;2250;;;;;;;;;;;;;;;;;;;;aucune source de comptage disponible (voir sources);HEURISTIQUE — moyenne de z-scores (communes IDF), pas une estimation de marché;95270
520.0;95211;Ennery;95;commune;95211;2243;;;;;;;;;;;;;;;;;;;;aucune source de comptage disponible (voir sources);HEURISTIQUE — moyenne de z-scores (communes IDF), pas une estimation de marché;95300
521.0;78403;Mézy-sur-Seine;78;commune;78403;2242;;;;;;;;;;;;;;;;;;;;aucune source de comptage disponible (voir sources);HEURISTIQUE — moyenne de z-scores (communes IDF), pas une estimation de marché;78250
522.0;78090;Bouafle;78;commune;78090;2234;;;;;;;;;;;;;;;;;;;;aucune source de comptage disponible (voir sources);HEURISTIQUE — moyenne de z-scores (communes IDF), pas une estimation de marché;78410
523.0;77240;Jouy-sur-Morin;77;commune;77240;2230;;;;;;;;;;;;;;;;;;;;aucune source de comptage disponible (voir sources);HEURISTIQUE — moyenne de z-scores (communes IDF), pas une estimation de marché;77320
524.0;77255;Livry-sur-Seine;77;commune;77255;2226;;;;;;;;;;;;;;;;;;;;aucune source de comptage disponible (voir sources);HEURISTIQUE — moyenne de z-scores (communes IDF), pas une estimation de marché;77000
525.0;95241;Fontenay-en-Parisis;95;commune;95241;2219;;;;;;;;;;;;;;;;;;;;aucune source de comptage disponible (voir sources);HEURISTIQUE — moyenne de z-scores (communes IDF), pas une estimation de marché;95190
526.0;91156;Cheptainville;91;commune;91156;2204;;;;;;;;;;;;;;;;;;;;aucune source de comptage disponible (voir sources);HEURISTIQUE — moyenne de z-scores (communes IDF), pas une estimation de marché;91630
527.0;77168;Égreville;77;commune;77168;2186;;;;;;;;;;;;;;;;;;;;aucune source de comptage disponible (voir sources);HEURISTIQUE — moyenne de z-scores (communes IDF), pas une estimation de marché;77620
528.0;78239;Follainville-Dennemont;78;commune;78239;2184;;;;;;;;;;;;;;;;;;;;aucune source de comptage disponible (voir sources);HEURISTIQUE — moyenne de z-scores (communes IDF), pas une estimation de marché;78520
529.0;77088;La Chapelle-la-Reine;77;commune;77088;2170;;;;;;;;;;;;;;;;;;;;aucune source de comptage disponible (voir sources);HEURISTIQUE — moyenne de z-scores (communes IDF), pas une estimation de marché;77760
530.0;77483;Varreddes;77;commune;77483;2167;;;;;;;;;;;;;;;;;;;;aucune source de comptage disponible (voir sources);HEURISTIQUE — moyenne de z-scores (communes IDF), pas une estimation de marché;77910
531.0;78087;Bonnelles;78;commune;78087;2165;;;;;;;;;;;;;;;;;;;;aucune source de comptage disponible (voir sources);HEURISTIQUE — moyenne de z-scores (communes IDF), pas une estimation de marché;78830
532.0;77069;Chailly-en-Bière;77;commune;77069;2162;;;;;;;;;;;;;;;;;;;;aucune source de comptage disponible (voir sources);HEURISTIQUE — moyenne de z-scores (communes IDF), pas une estimation de marché;77930
533.0;78107;Bréval;78;commune;78107;2151;;;;;;;;;;;;;;;;;;;;aucune source de comptage disponible (voir sources);HEURISTIQUE — moyenne de z-scores (communes IDF), pas une estimation de marché;78980
534.0;77374;Pontcarré;77;commune;77374;2136;;;;;;;;;;;;;;;;;;;;aucune source de comptage disponible (voir sources);HEURISTIQUE — moyenne de z-scores (communes IDF), pas une estimation de marché;77135
535.0;77517;Villevaudé;77;commune;77517;2132;;;;;;;;;;;;;;;;;;;;aucune source de comptage disponible (voir sources);HEURISTIQUE — moyenne de z-scores (communes IDF), pas une estimation de marché;77410
536.0;77384;Réau;77;commune;77384;2127;;;;;;;;;;;;;;;;;;;;aucune source de comptage disponible (voir sources);HEURISTIQUE — moyenne de z-scores (communes IDF), pas une estimation de marché;77550
537.0;77441;Samois-sur-Seine;77;commune;77441;2126;;;;;;;;;;;;;;;;;;;;aucune source de comptage disponible (voir sources);HEURISTIQUE — moyenne de z-scores (communes IDF), pas une estimation de marché;77920
538.0;95078;Boissy-l'Aillerie;95;commune;95078;2120;;;;;;;;;;;;;;;;;;;;aucune source de comptage disponible (voir sources);HEURISTIQUE — moyenne de z-scores (communes IDF), pas une estimation de marché;95650
539.0;78337;Limetz-Villez;78;commune;78337;2110;;;;;;;;;;;;;;;;;;;;aucune source de comptage disponible (voir sources);HEURISTIQUE — moyenne de z-scores (communes IDF), pas une estimation de marché;78270
540.0;91095;Bouray-sur-Juine;91;commune;91095;2108;;;;;;;;;;;;;;;;;;;;aucune source de comptage disponible (voir sources);HEURISTIQUE — moyenne de z-scores (communes IDF), pas une estimation de marché;91850
541.0;77433;Beautheil-Saints;77;commune;77433;2093;;;;;;;;;;;;;;;;;;;;aucune source de comptage disponible (voir sources);HEURISTIQUE — moyenne de z-scores (communes IDF), pas une estimation de marché;77120
542.0;77521;Villiers-sur-Morin;77;commune;77521;2083;;;;;;;;;;;;;;;;;;;;aucune source de comptage disponible (voir sources);HEURISTIQUE — moyenne de z-scores (communes IDF), pas une estimation de marché;77580
543.0;77359;Perthes;77;commune;77359;2073;;;;;;;;;;;;;;;;;;;;aucune source de comptage disponible (voir sources);HEURISTIQUE — moyenne de z-scores (communes IDF), pas une estimation de marché;77930
544.0;77128;Couilly-Pont-aux-Dames;77;commune;77128;2064;;;;;;;;;;;;;;;;;;;;aucune source de comptage disponible (voir sources);HEURISTIQUE — moyenne de z-scores (communes IDF), pas une estimation de marché;77860
545.0;95450;Neuville-sur-Oise;95;commune;95450;2058;;;;;;;;;;;;;;;;;;;;aucune source de comptage disponible (voir sources);HEURISTIQUE — moyenne de z-scores (communes IDF), pas une estimation de marché;95000
546.0;78291;Guerville;78;commune;78291;2052;;;;;;;;;;;;;;;;;;;;aucune source de comptage disponible (voir sources);HEURISTIQUE — moyenne de z-scores (communes IDF), pas une estimation de marché;78930
547.0;77352;Ozouer-le-Voulgis;77;commune;77352;2050;;;;;;;;;;;;;;;;;;;;aucune source de comptage disponible (voir sources);HEURISTIQUE — moyenne de z-scores (communes IDF), pas une estimation de marché;77390
548.0;91318;Janville-sur-Juine;91;commune;91318;2041;;;;;;;;;;;;;;;;;;;;aucune source de comptage disponible (voir sources);HEURISTIQUE — moyenne de z-scores (communes IDF), pas une estimation de marché;91510
549.0;77241;Juilly;77;commune;77241;2036;;;;;;;;;;;;;;;;;;;;aucune source de comptage disponible (voir sources);HEURISTIQUE — moyenne de z-scores (communes IDF), pas une estimation de marché;77230
550.0;77455;Soignolles-en-Brie;77;commune;77455;2021;;;;;;;;;;;;;;;;;;;;aucune source de comptage disponible (voir sources);HEURISTIQUE — moyenne de z-scores (communes IDF), pas une estimation de marché;77111
551.0;95042;Baillet-en-France;95;commune;95042;2021;;;;;;;;;;;;;;;;;;;;aucune source de comptage disponible (voir sources);HEURISTIQUE — moyenne de z-scores (communes IDF), pas une estimation de marché;95560
552.0;77146;Croissy-Beaubourg;77;commune;77146;2018;;;;;;;;;;;;;;;;;;;;aucune source de comptage disponible (voir sources);HEURISTIQUE — moyenne de z-scores (communes IDF), pas une estimation de marché;77183
553.0;95142;Chars;95;commune;95142;2006;;;;;;;;;;;;;;;;;;;;aucune source de comptage disponible (voir sources);HEURISTIQUE — moyenne de z-scores (communes IDF), pas une estimation de marché;95750
554.0;77127;Coubert;77;commune;77127;2005;;;;;;;;;;;;;;;;;;;;aucune source de comptage disponible (voir sources);HEURISTIQUE — moyenne de z-scores (communes IDF), pas une estimation de marché;77170
555.0;77405;Saint-Cyr-sur-Morin;77;commune;77405;1976;;;;;;;;;;;;;;;;;;;;aucune source de comptage disponible (voir sources);HEURISTIQUE — moyenne de z-scores (communes IDF), pas une estimation de marché;77750
556.0;91411;Les Molières;91;commune;91411;1975;;;;;;;;;;;;;;;;;;;;aucune source de comptage disponible (voir sources);HEURISTIQUE — moyenne de z-scores (communes IDF), pas une estimation de marché;91470
557.0;78030;Auffargis;78;commune;78030;1963;;;;;;;;;;;;;;;;;;;;aucune source de comptage disponible (voir sources);HEURISTIQUE — moyenne de z-scores (communes IDF), pas une estimation de marché;78610
558.0;91635;Vauhallan;91;commune;91635;1945;;;;;;;;;;;;;;;;;;;;aucune source de comptage disponible (voir sources);HEURISTIQUE — moyenne de z-scores (communes IDF), pas une estimation de marché;91430
559.0;78120;Bullion;78;commune;78120;1916;;;;;;;;;;;;;;;;;;;;aucune source de comptage disponible (voir sources);HEURISTIQUE — moyenne de z-scores (communes IDF), pas une estimation de marché;78830
560.0;95028;Attainville;95;commune;95028;1904;;;;;;;;;;;;;;;;;;;;aucune source de comptage disponible (voir sources);HEURISTIQUE — moyenne de z-scores (communes IDF), pas une estimation de marché;95570
561.0;77277;Marles-en-Brie;77;commune;77277;1898;;;;;;;;;;;;;;;;;;;;aucune source de comptage disponible (voir sources);HEURISTIQUE — moyenne de z-scores (communes IDF), pas une estimation de marché;77610
562.0;77302;Moncourt-Fromonville;77;commune;77302;1891;;;;;;;;;;;;;;;;;;;;aucune source de comptage disponible (voir sources);HEURISTIQUE — moyenne de z-scores (communes IDF), pas une estimation de marché;77140
563.0;77400;Saint-Augustin;77;commune;77400;1888;;;;;;;;;;;;;;;;;;;;aucune source de comptage disponible (voir sources);HEURISTIQUE — moyenne de z-scores (communes IDF), pas une estimation de marché;77515
564.0;77397;Saâcy-sur-Marne;77;commune;77397;1878;;;;;;;;;;;;;;;;;;;;aucune source de comptage disponible (voir sources);HEURISTIQUE — moyenne de z-scores (communes IDF), pas une estimation de marché;77730
565.0;77508;Villeneuve-le-Comte;77;commune;77508;1872;;;;;;;;;;;;;;;;;;;;aucune source de comptage disponible (voir sources);HEURISTIQUE — moyenne de z-scores (communes IDF), pas une estimation de marché;77174
566.0;95353;Maffliers;95;commune;95353;1856;;;;;;;;;;;;;;;;;;;;aucune source de comptage disponible (voir sources);HEURISTIQUE — moyenne de z-scores (communes IDF), pas une estimation de marché;95560
567.0;78550;Saint-Germain-de-la-Grange;78;commune;78550;1847;;;;;;;;;;;;;;;;;;;;aucune source de comptage disponible (voir sources);HEURISTIQUE — moyenne de z-scores (communes IDF), pas une estimation de marché;78640
568.0;95446;Nesles-la-Vallée;95;commune;95446;1842;;;;;;;;;;;;;;;;;;;;aucune source de comptage disponible (voir sources);HEURISTIQUE — moyenne de z-scores (communes IDF), pas une estimation de marché;95690
569.0;77269;Maincy;77;commune;77269;1828;;;;;;;;;;;;;;;;;;;;aucune source de comptage disponible (voir sources);HEURISTIQUE — moyenne de z-scores (communes IDF), pas une estimation de marché;77950
570.0;91533;Saclas;91;commune;91533;1819;;;;;;;;;;;;;;;;;;;;aucune source de comptage disponible (voir sources);HEURISTIQUE — moyenne de z-scores (communes IDF), pas une estimation de marché;91690
571.0;77148;Crouy-sur-Ourcq;77;commune;77148;1811;;;;;;;;;;;;;;;;;;;;aucune source de comptage disponible (voir sources);HEURISTIQUE — moyenne de z-scores (communes IDF), pas une estimation de marché;77840
572.0;77260;Longueville;77;commune;77260;1804;;;;;;;;;;;;;;;;;;;;aucune source de comptage disponible (voir sources);HEURISTIQUE — moyenne de z-scores (communes IDF), pas une estimation de marché;77650
573.0;77339;Noisy-sur-École;77;commune;77339;1797;;;;;;;;;;;;;;;;;;;;aucune source de comptage disponible (voir sources);HEURISTIQUE — moyenne de z-scores (communes IDF), pas une estimation de marché;77123
574.0;77404;Sainte-Colombe;77;commune;77404;1781;;;;;;;;;;;;;;;;;;;;aucune source de comptage disponible (voir sources);HEURISTIQUE — moyenne de z-scores (communes IDF), pas une estimation de marché;77650
575.0;78368;Mareil-sur-Mauldre;78;commune;78368;1776;;;;;;;;;;;;;;;;;;;;aucune source de comptage disponible (voir sources);HEURISTIQUE — moyenne de z-scores (communes IDF), pas une estimation de marché;78124
576.0;77279;Marolles-sur-Seine;77;commune;77279;1774;;;;;;;;;;;;;;;;;;;;aucune source de comptage disponible (voir sources);HEURISTIQUE — moyenne de z-scores (communes IDF), pas une estimation de marché;77130
577.0;77126;Congis-sur-Thérouanne;77;commune;77126;1772;;;;;;;;;;;;;;;;;;;;aucune source de comptage disponible (voir sources);HEURISTIQUE — moyenne de z-scores (communes IDF), pas une estimation de marché;77440
578.0;91017;Angervilliers;91;commune;91017;1772;;;;;;;;;;;;;;;;;;;;aucune source de comptage disponible (voir sources);HEURISTIQUE — moyenne de z-scores (communes IDF), pas une estimation de marché;91470
579.0;95675;Villeron;95;commune;95675;1766;;;;;;;;;;;;;;;;;;;;aucune source de comptage disponible (voir sources);HEURISTIQUE — moyenne de z-scores (communes IDF), pas une estimation de marché;95380
580.0;77124;Conches-sur-Gondoire;77;commune;77124;1761;;;;;;;;;;;;;;;;;;;;aucune source de comptage disponible (voir sources);HEURISTIQUE — moyenne de z-scores (communes IDF), pas une estimation de marché;77600
581.0;77309;Monthyon;77;commune;77309;1756;;;;;;;;;;;;;;;;;;;;aucune source de comptage disponible (voir sources);HEURISTIQUE — moyenne de z-scores (communes IDF), pas une estimation de marché;77122
582.0;92047;Marnes-la-Coquette;92;commune;92047;1752;;;;;;;;;;;;;;;;;;;;aucune source de comptage disponible (voir sources);HEURISTIQUE — moyenne de z-scores (communes IDF), pas une estimation de marché;92430
583.0;78057;Bennecourt;78;commune;78057;1747;;;;;;;;;;;;;;;;;;;;aucune source de comptage disponible (voir sources);HEURISTIQUE — moyenne de z-scores (communes IDF), pas une estimation de marché;78270
584.0;77047;Bouleurs;77;commune;77047;1743;;;;;;;;;;;;;;;;;;;;aucune source de comptage disponible (voir sources);HEURISTIQUE — moyenne de z-scores (communes IDF), pas une estimation de marché;77580
585.0;77447;Seine-Port;77;commune;77447;1742;;;;;;;;;;;;;;;;;;;;aucune source de comptage disponible (voir sources);HEURISTIQUE — moyenne de z-scores (communes IDF), pas une estimation de marché;77240
586.0;77229;La Houssaye-en-Brie;77;commune;77229;1731;;;;;;;;;;;;;;;;;;;;aucune source de comptage disponible (voir sources);HEURISTIQUE — moyenne de z-scores (communes IDF), pas une estimation de marché;77610
587.0;78389;Méré;78;commune;78389;1731;;;;;;;;;;;;;;;;;;;;aucune source de comptage disponible (voir sources);HEURISTIQUE — moyenne de z-scores (communes IDF), pas une estimation de marché;78490
588.0;78049;Bazemont;78;commune;78049;1727;;;;;;;;;;;;;;;;;;;;aucune source de comptage disponible (voir sources);HEURISTIQUE — moyenne de z-scores (communes IDF), pas une estimation de marché;78580
589.0;78152;Chavenay;78;commune;78152;1723;;;;;;;;;;;;;;;;;;;;aucune source de comptage disponible (voir sources);HEURISTIQUE — moyenne de z-scores (communes IDF), pas une estimation de marché;78450
590.0;78189;Crespières;78;commune;78189;1719;;;;;;;;;;;;;;;;;;;;aucune source de comptage disponible (voir sources);HEURISTIQUE — moyenne de z-scores (communes IDF), pas une estimation de marché;78121
591.0;95436;Mours;95;commune;95436;1693;;;;;;;;;;;;;;;;;;;;aucune source de comptage disponible (voir sources);HEURISTIQUE — moyenne de z-scores (communes IDF), pas une estimation de marché;95260
592.0;78576;Saint-Rémy-l'Honoré;78;commune;78576;1689;;;;;;;;;;;;;;;;;;;;aucune source de comptage disponible (voir sources);HEURISTIQUE — moyenne de z-scores (communes IDF), pas une estimation de marché;78690
593.0;78601;Sonchamp;78;commune;78601;1678;;;;;;;;;;;;;;;;;;;;aucune source de comptage disponible (voir sources);HEURISTIQUE — moyenne de z-scores (communes IDF), pas une estimation de marché;78120
594.0;78343;Les Loges-en-Josas;78;commune;78343;1645;;;;;;;;;;;;;;;;;;;;aucune source de comptage disponible (voir sources);HEURISTIQUE — moyenne de z-scores (communes IDF), pas une estimation de marché;78350
595.0;91175;Corbreuse;91;commune;91175;1640;;;;;;;;;;;;;;;;;;;;aucune source de comptage disponible (voir sources);HEURISTIQUE — moyenne de z-scores (communes IDF), pas une estimation de marché;91410
596.0;77239;Jouy-le-Châtel;77;commune;77239;1630;;;;;;;;;;;;;;;;;;;;aucune source de comptage disponible (voir sources);HEURISTIQUE — moyenne de z-scores (communes IDF), pas une estimation de marché;77970
597.0;77531;Voulx;77;commune;77531;1626;;;;;;;;;;;;;;;;;;;;aucune source de comptage disponible (voir sources);HEURISTIQUE — moyenne de z-scores (communes IDF), pas une estimation de marché;77940
598.0;91593;Sermaise;91;commune;91593;1617;;;;;;;;;;;;;;;;;;;;aucune source de comptage disponible (voir sources);HEURISTIQUE — moyenne de z-scores (communes IDF), pas une estimation de marché;91530
599.0;77135;Courpalay;77;commune;77135;1610;;;;;;;;;;;;;;;;;;;;aucune source de comptage disponible (voir sources);HEURISTIQUE — moyenne de z-scores (communes IDF), pas une estimation de marché;77540
600.0;77109;Chenoise-Cucharmoy;77;commune;77109;1607;;;;;;;;;;;;;;;;;;;;aucune source de comptage disponible (voir sources);HEURISTIQUE — moyenne de z-scores (communes IDF), pas une estimation de marché;77160
601.0;78334;Lévis-Saint-Nom;78;commune;78334;1603;;;;;;;;;;;;;;;;;;;;aucune source de comptage disponible (voir sources);HEURISTIQUE — moyenne de z-scores (communes IDF), pas une estimation de marché;78320
602.0;78346;Longnes;78;commune;78346;1601;;;;;;;;;;;;;;;;;;;;aucune source de comptage disponible (voir sources);HEURISTIQUE — moyenne de z-scores (communes IDF), pas une estimation de marché;78980
603.0;91244;Fontenay-le-Vicomte;91;commune;91244;1596;;;;;;;;;;;;;;;;;;;;aucune source de comptage disponible (voir sources);HEURISTIQUE — moyenne de z-scores (communes IDF), pas une estimation de marché;91540
604.0;77095;Charny;77;commune;77095;1585;;;;;;;;;;;;;;;;;;;;aucune source de comptage disponible (voir sources);HEURISTIQUE — moyenne de z-scores (communes IDF), pas une estimation de marché;77410
605.0;77075;Chalifert;77;commune;77075;1584;;;;;;;;;;;;;;;;;;;;aucune source de comptage disponible (voir sources);HEURISTIQUE — moyenne de z-scores (communes IDF), pas une estimation de marché;77144
606.0;77070;Chailly-en-Brie;77;commune;77070;1576;;;;;;;;;;;;;;;;;;;;aucune source de comptage disponible (voir sources);HEURISTIQUE — moyenne de z-scores (communes IDF), pas une estimation de marché;77120
607.0;91630;Le Val-Saint-Germain;91;commune;91630;1576;;;;;;;;;;;;;;;;;;;;aucune source de comptage disponible (voir sources);HEURISTIQUE — moyenne de z-scores (communes IDF), pas une estimation de marché;91530
608.0;77016;Bagneaux-sur-Loing;77;commune;77016;1570;;;;;;;;;;;;;;;;;;;;aucune source de comptage disponible (voir sources);HEURISTIQUE — moyenne de z-scores (communes IDF), pas une estimation de marché;77167
609.0;78520;Richebourg;78;commune;78520;1570;;;;;;;;;;;;;;;;;;;;aucune source de comptage disponible (voir sources);HEURISTIQUE — moyenne de z-scores (communes IDF), pas une estimation de marché;78550
610.0;78143;Châteaufort;78;commune;78143;1564;;;;;;;;;;;;;;;;;;;;aucune source de comptage disponible (voir sources);HEURISTIQUE — moyenne de z-scores (communes IDF), pas une estimation de marché;78117
611.0;91332;Leudeville;91;commune;91332;1562;;;;;;;;;;;;;;;;;;;;aucune source de comptage disponible (voir sources);HEURISTIQUE — moyenne de z-scores (communes IDF), pas une estimation de marché;91630
612.0;91198;D'Huison-Longueville;91;commune;91198;1557;;;;;;;;;;;;;;;;;;;;aucune source de comptage disponible (voir sources);HEURISTIQUE — moyenne de z-scores (communes IDF), pas une estimation de marché;91590
613.0;91159;Chevannes;91;commune;91159;1550;;;;;;;;;;;;;;;;;;;;aucune source de comptage disponible (voir sources);HEURISTIQUE — moyenne de z-scores (communes IDF), pas une estimation de marché;91750
614.0;91568;Saint-Maurice-Montcouronne;91;commune;91568;1543;;;;;;;;;;;;;;;;;;;;aucune source de comptage disponible (voir sources);HEURISTIQUE — moyenne de z-scores (communes IDF), pas une estimation de marché;91530
615.0;77459;Sourdun;77;commune;77459;1541;;;;;;;;;;;;;;;;;;;;aucune source de comptage disponible (voir sources);HEURISTIQUE — moyenne de z-scores (communes IDF), pas une estimation de marché;77171
616.0;77529;Voulangis;77;commune;77529;1541;;;;;;;;;;;;;;;;;;;;aucune source de comptage disponible (voir sources);HEURISTIQUE — moyenne de z-scores (communes IDF), pas une estimation de marché;77580
617.0;91274;Gometz-la-Ville;91;commune;91274;1536;;;;;;;;;;;;;;;;;;;;aucune source de comptage disponible (voir sources);HEURISTIQUE — moyenne de z-scores (communes IDF), pas une estimation de marché;91400
618.0;77363;Le Pin;77;commune;77363;1530;;;;;;;;;;;;;;;;;;;;aucune source de comptage disponible (voir sources);HEURISTIQUE — moyenne de z-scores (communes IDF), pas une estimation de marché;77181
619.0;78128;Cernay-la-Ville;78;commune;78128;1516;;;;;;;;;;;;;;;;;;;;aucune source de comptage disponible (voir sources);HEURISTIQUE — moyenne de z-scores (communes IDF), pas une estimation de marché;78720
620.0;77125;Condé-Sainte-Libiaire;77;commune;77125;1500;;;;;;;;;;;;;;;;;;;;aucune source de comptage disponible (voir sources);HEURISTIQUE — moyenne de z-scores (communes IDF), pas une estimation de marché;77450
621.0;78269;Gazeran;78;commune;78269;1492;;;;;;;;;;;;;;;;;;;;aucune source de comptage disponible (voir sources);HEURISTIQUE — moyenne de z-scores (communes IDF), pas une estimation de marché;78125
622.0;77078;Chamigny;77;commune;77078;1480;;;;;;;;;;;;;;;;;;;;aucune source de comptage disponible (voir sources);HEURISTIQUE — moyenne de z-scores (communes IDF), pas une estimation de marché;77260
623.0;77323;Moussy-le-Vieux;77;commune;77323;1469;;;;;;;;;;;;;;;;;;;;aucune source de comptage disponible (voir sources);HEURISTIQUE — moyenne de z-scores (communes IDF), pas une estimation de marché;77230
624.0;78048;Bazainville;78;commune;78048;1469;;;;;;;;;;;;;;;;;;;;aucune source de comptage disponible (voir sources);HEURISTIQUE — moyenne de z-scores (communes IDF), pas une estimation de marché;78550
625.0;77264;Lumigny-Nesles-Ormeaux;77;commune;77264;1468;;;;;;;;;;;;;;;;;;;;aucune source de comptage disponible (voir sources);HEURISTIQUE — moyenne de z-scores (communes IDF), pas une estimation de marché;77540
626.0;78562;Saint-Léger-en-Yvelines;78;commune;78562;1468;;;;;;;;;;;;;;;;;;;;aucune source de comptage disponible (voir sources);HEURISTIQUE — moyenne de z-scores (communes IDF), pas une estimation de marché;78610
627.0;91634;Vaugrigneuse;91;commune;91634;1458;;;;;;;;;;;;;;;;;;;;aucune source de comptage disponible (voir sources);HEURISTIQUE — moyenne de z-scores (communes IDF), pas une estimation de marché;91640
628.0;91047;Baulne;91;commune;91047;1448;;;;;;;;;;;;;;;;;;;;aucune source de comptage disponible (voir sources);HEURISTIQUE — moyenne de z-scores (communes IDF), pas une estimation de marché;91590
629.0;78192;Dammartin-en-Serve;78;commune;78192;1441;;;;;;;;;;;;;;;;;;;;aucune source de comptage disponible (voir sources);HEURISTIQUE — moyenne de z-scores (communes IDF), pas une estimation de marché;78111
630.0;78616;Thoiry;78;commune;78616;1434;;;;;;;;;;;;;;;;;;;;aucune source de comptage disponible (voir sources);HEURISTIQUE — moyenne de z-scores (communes IDF), pas une estimation de marché;78770
631.0;77216;Grez-sur-Loing;77;commune;77216;1432;;;;;;;;;;;;;;;;;;;;aucune source de comptage disponible (voir sources);HEURISTIQUE — moyenne de z-scores (communes IDF), pas une estimation de marché;77880
632.0;77254;Liverdy-en-Brie;77;commune;77254;1410;;;;;;;;;;;;;;;;;;;;aucune source de comptage disponible (voir sources);HEURISTIQUE — moyenne de z-scores (communes IDF), pas une estimation de marché;77220
633.0;77086;La Chapelle-Gauthier;77;commune;77086;1400;;;;;;;;;;;;;;;;;;;;aucune source de comptage disponible (voir sources);HEURISTIQUE — moyenne de z-scores (communes IDF), pas une estimation de marché;77720
634.0;77318;Mortcerf;77;commune;77318;1400;;;;;;;;;;;;;;;;;;;;aucune source de comptage disponible (voir sources);HEURISTIQUE — moyenne de z-scores (communes IDF), pas une estimation de marché;77163
635.0;78010;Les Alluets-le-Roi;78;commune;78010;1390;;;;;;;;;;;;;;;;;;;;aucune source de comptage disponible (voir sources);HEURISTIQUE — moyenne de z-scores (communes IDF), pas une estimation de marché;78580
636.0;95625;Us;95;commune;95625;1374;;;;;;;;;;;;;;;;;;;;aucune source de comptage disponible (voir sources);HEURISTIQUE — moyenne de z-scores (communes IDF), pas une estimation de marché;95450
637.0;77358;Penchard;77;commune;77358;1373;;;;;;;;;;;;;;;;;;;;aucune source de comptage disponible (voir sources);HEURISTIQUE — moyenne de z-scores (communes IDF), pas une estimation de marché;77124
638.0;77199;Fublaines;77;commune;77199;1370;;;;;;;;;;;;;;;;;;;;aucune source de comptage disponible (voir sources);HEURISTIQUE — moyenne de z-scores (communes IDF), pas une estimation de marché;77470
639.0;77510;Villeneuve-Saint-Denis;77;commune;77510;1369;;;;;;;;;;;;;;;;;;;;aucune source de comptage disponible (voir sources);HEURISTIQUE — moyenne de z-scores (communes IDF), pas une estimation de marché;77174
640.0;77295;Moisenay;77;commune;77295;1362;;;;;;;;;;;;;;;;;;;;aucune source de comptage disponible (voir sources);HEURISTIQUE — moyenne de z-scores (communes IDF), pas une estimation de marché;77950
641.0;77311;Montigny-Lencoup;77;commune;77311;1358;;;;;;;;;;;;;;;;;;;;aucune source de comptage disponible (voir sources);HEURISTIQUE — moyenne de z-scores (communes IDF), pas une estimation de marché;77520
642.0;77116;Choisy-en-Brie;77;commune;77116;1354;;;;;;;;;;;;;;;;;;;;aucune source de comptage disponible (voir sources);HEURISTIQUE — moyenne de z-scores (communes IDF), pas une estimation de marché;77320
643.0;77203;Germigny-l'Évêque;77;commune;77203;1352;;;;;;;;;;;;;;;;;;;;aucune source de comptage disponible (voir sources);HEURISTIQUE — moyenne de z-scores (communes IDF), pas une estimation de marché;77910
644.0;77336;Neufmoutiers-en-Brie;77;commune;77336;1338;;;;;;;;;;;;;;;;;;;;aucune source de comptage disponible (voir sources);HEURISTIQUE — moyenne de z-scores (communes IDF), pas une estimation de marché;77610
645.0;77457;Solers;77;commune;77457;1336;;;;;;;;;;;;;;;;;;;;aucune source de comptage disponible (voir sources);HEURISTIQUE — moyenne de z-scores (communes IDF), pas une estimation de marché;77111
646.0;77084;Changis-sur-Marne;77;commune;77084;1335;;;;;;;;;;;;;;;;;;;;aucune source de comptage disponible (voir sources);HEURISTIQUE — moyenne de z-scores (communes IDF), pas une estimation de marché;77660
647.0;78140;Chapet;78;commune;78140;1331;;;;;;;;;;;;;;;;;;;;aucune source de comptage disponible (voir sources);HEURISTIQUE — moyenne de z-scores (communes IDF), pas une estimation de marché;78130
648.0;91080;Boissy-le-Cutté;91;commune;91080;1331;;;;;;;;;;;;;;;;;;;;aucune source de comptage disponible (voir sources);HEURISTIQUE — moyenne de z-scores (communes IDF), pas une estimation de marché;91590
649.0;91525;Roinville;91;commune;91525;1319;;;;;;;;;;;;;;;;;;;;aucune source de comptage disponible (voir sources);HEURISTIQUE — moyenne de z-scores (communes IDF), pas une estimation de marché;91410
650.0;77177;Favières;77;commune;77177;1316;;;;;;;;;;;;;;;;;;;;aucune source de comptage disponible (voir sources);HEURISTIQUE — moyenne de z-scores (communes IDF), pas une estimation de marché;77220
651.0;95592;Seraincourt;95;commune;95592;1305;;;;;;;;;;;;;;;;;;;;aucune source de comptage disponible (voir sources);HEURISTIQUE — moyenne de z-scores (communes IDF), pas une estimation de marché;95450
652.0;78108;Les Bréviaires;78;commune;78108;1302;;;;;;;;;;;;;;;;;;;;aucune source de comptage disponible (voir sources);HEURISTIQUE — moyenne de z-scores (communes IDF), pas une estimation de marché;78610
653.0;77208;Gouaix;77;commune;77208;1299;;;;;;;;;;;;;;;;;;;;aucune source de comptage disponible (voir sources);HEURISTIQUE — moyenne de z-scores (communes IDF), pas une estimation de marché;77114
654.0;77415;Saint-Jean-les-Deux-Jumeaux;77;commune;77415;1298;;;;;;;;;;;;;;;;;;;;aucune source de comptage disponible (voir sources);HEURISTIQUE — moyenne de z-scores (communes IDF), pas une estimation de marché;77660
655.0;78262;Galluis;78;commune;78262;1298;;;;;;;;;;;;;;;;;;;;aucune source de comptage disponible (voir sources);HEURISTIQUE — moyenne de z-scores (communes IDF), pas une estimation de marché;78490
656.0;95177;Cormeilles-en-Vexin;95;commune;95177;1297;;;;;;;;;;;;;;;;;;;;aucune source de comptage disponible (voir sources);HEURISTIQUE — moyenne de z-scores (communes IDF), pas une estimation de marché;95830
657.0;91408;Moigny-sur-École;91;commune;91408;1294;;;;;;;;;;;;;;;;;;;;aucune source de comptage disponible (voir sources);HEURISTIQUE — moyenne de z-scores (communes IDF), pas une estimation de marché;91490
658.0;78384;Médan;78;commune;78384;1289;;;;;;;;;;;;;;;;;;;;aucune source de comptage disponible (voir sources);HEURISTIQUE — moyenne de z-scores (communes IDF), pas une estimation de marché;78670
659.0;91106;Breux-Jouy;91;commune;91106;1285;;;;;;;;;;;;;;;;;;;;aucune source de comptage disponible (voir sources);HEURISTIQUE — moyenne de z-scores (communes IDF), pas une estimation de marché;91650
660.0;77154;Dammartin-sur-Tigeaux;77;commune;77154;1280;;;;;;;;;;;;;;;;;;;;aucune source de comptage disponible (voir sources);HEURISTIQUE — moyenne de z-scores (communes IDF), pas une estimation de marché;77163
661.0;78171;Condé-sur-Vesgre;78;commune;78171;1279;;;;;;;;;;;;;;;;;;;;aucune source de comptage disponible (voir sources);HEURISTIQUE — moyenne de z-scores (communes IDF), pas une estimation de marché;78113
662.0;77261;Lorrez-le-Bocage-Préaux;77;commune;77261;1274;;;;;;;;;;;;;;;;;;;;aucune source de comptage disponible (voir sources);HEURISTIQUE — moyenne de z-scores (communes IDF), pas une estimation de marché;77710
663.0;77022;Barbizon;77;commune;77022;1261;;;;;;;;;;;;;;;;;;;;aucune source de comptage disponible (voir sources);HEURISTIQUE — moyenne de z-scores (communes IDF), pas une estimation de marché;77630
664.0;95409;Moisselles;95;commune;95409;1261;;;;;;;;;;;;;;;;;;;;aucune source de comptage disponible (voir sources);HEURISTIQUE — moyenne de z-scores (communes IDF), pas une estimation de marché;95570
665.0;77065;Cély;77;commune;77065;1259;;;;;;;;;;;;;;;;;;;;aucune source de comptage disponible (voir sources);HEURISTIQUE — moyenne de z-scores (communes IDF), pas une estimation de marché;77930
666.0;77469;Touquin;77;commune;77469;1253;;;;;;;;;;;;;;;;;;;;aucune source de comptage disponible (voir sources);HEURISTIQUE — moyenne de z-scores (communes IDF), pas une estimation de marché;77131
667.0;77180;Férolles-Attilly;77;commune;77180;1248;;;;;;;;;;;;;;;;;;;;aucune source de comptage disponible (voir sources);HEURISTIQUE — moyenne de z-scores (communes IDF), pas une estimation de marché;77150
668.0;77063;La Celle-sur-Morin;77;commune;77063;1235;;;;;;;;;;;;;;;;;;;;aucune source de comptage disponible (voir sources);HEURISTIQUE — moyenne de z-scores (communes IDF), pas une estimation de marché;77515
669.0;91038;Auvers-Saint-Georges;91;commune;91038;1223;;;;;;;;;;;;;;;;;;;;aucune source de comptage disponible (voir sources);HEURISTIQUE — moyenne de z-scores (communes IDF), pas une estimation de marché;91580
670.0;77292;Messy;77;commune;77292;1219;;;;;;;;;;;;;;;;;;;;aucune source de comptage disponible (voir sources);HEURISTIQUE — moyenne de z-scores (communes IDF), pas une estimation de marché;77410
671.0;78605;Tacoignières;78;commune;78605;1219;;;;;;;;;;;;;;;;;;;;aucune source de comptage disponible (voir sources);HEURISTIQUE — moyenne de z-scores (communes IDF), pas une estimation de marché;78910
672.0;95628;Valmondois;95;commune;95628;1208;;;;;;;;;;;;;;;;;;;;aucune source de comptage disponible (voir sources);HEURISTIQUE — moyenne de z-scores (communes IDF), pas une estimation de marché;95760
673.0;77039;Boissise-la-Bertrand;77;commune;77039;1206;;;;;;;;;;;;;;;;;;;;aucune source de comptage disponible (voir sources);HEURISTIQUE — moyenne de z-scores (communes IDF), pas une estimation de marché;77350
674.0;91284;Les Granges-le-Roi;91;commune;91284;1197;;;;;;;;;;;;;;;;;;;;aucune source de comptage disponible (voir sources);HEURISTIQUE — moyenne de z-scores (communes IDF), pas une estimation de marché;91410
675.0;77001;Achères-la-Forêt;77;commune;77001;1191;;;;;;;;;;;;;;;;;;;;aucune source de comptage disponible (voir sources);HEURISTIQUE — moyenne de z-scores (communes IDF), pas une estimation de marché;77760
676.0;77141;Coutevroult;77;commune;77141;1187;;;;;;;;;;;;;;;;;;;;aucune source de comptage disponible (voir sources);HEURISTIQUE — moyenne de z-scores (communes IDF), pas une estimation de marché;77580
677.0;91109;Brières-les-Scellés;91;commune;91109;1186;;;;;;;;;;;;;;;;;;;;aucune source de comptage disponible (voir sources);HEURISTIQUE — moyenne de z-scores (communes IDF), pas une estimation de marché;91150
678.0;95088;Bonneuil-en-France;95;commune;95088;1185;;;;;;;;;;;;;;;;;;;;aucune source de comptage disponible (voir sources);HEURISTIQUE — moyenne de z-scores (communes IDF), pas une estimation de marché;95500
679.0;78033;Aulnay-sur-Mauldre;78;commune;78033;1180;;;;;;;;;;;;;;;;;;;;aucune source de comptage disponible (voir sources);HEURISTIQUE — moyenne de z-scores (communes IDF), pas une estimation de marché;78126
680.0;77440;Sammeron;77;commune;77440;1178;;;;;;;;;;;;;;;;;;;;aucune source de comptage disponible (voir sources);HEURISTIQUE — moyenne de z-scores (communes IDF), pas une estimation de marché;77260
681.0;77209;Gouvernes;77;commune;77209;1177;;;;;;;;;;;;;;;;;;;;aucune source de comptage disponible (voir sources);HEURISTIQUE — moyenne de z-scores (communes IDF), pas une estimation de marché;77400
682.0;77008;Armentières-en-Brie;77;commune;77008;1176;;;;;;;;;;;;;;;;;;;;aucune source de comptage disponible (voir sources);HEURISTIQUE — moyenne de z-scores (communes IDF), pas une estimation de marché;77440
683.0;91599;Soisy-sur-École;91;commune;91599;1174;;;;;;;;;;;;;;;;;;;;aucune source de comptage disponible (voir sources);HEURISTIQUE — moyenne de z-scores (communes IDF), pas une estimation de marché;91840
684.0;78620;Toussus-le-Noble;78;commune;78620;1172;;;;;;;;;;;;;;;;;;;;aucune source de comptage disponible (voir sources);HEURISTIQUE — moyenne de z-scores (communes IDF), pas une estimation de marché;78117
685.0;77528;Voisenon;77;commune;77528;1170;;;;;;;;;;;;;;;;;;;;aucune source de comptage disponible (voir sources);HEURISTIQUE — moyenne de z-scores (communes IDF), pas une estimation de marché;77950
686.0;77439;Salins;77;commune;77439;1165;;;;;;;;;;;;;;;;;;;;aucune source de comptage disponible (voir sources);HEURISTIQUE — moyenne de z-scores (communes IDF), pas une estimation de marché;77148
687.0;77519;Villiers-Saint-Georges;77;commune;77519;1160;;;;;;;;;;;;;;;;;;;;aucune source de comptage disponible (voir sources);HEURISTIQUE — moyenne de z-scores (communes IDF), pas une estimation de marché;77560
688.0;77280;Mary-sur-Marne;77;commune;77280;1155;;;;;;;;;;;;;;;;;;;;aucune source de comptage disponible (voir sources);HEURISTIQUE — moyenne de z-scores (communes IDF), pas une estimation de marché;77440
689.0;77221;Guermantes;77;commune;77221;1153;;;;;;;;;;;;;;;;;;;;aucune source de comptage disponible (voir sources);HEURISTIQUE — moyenne de z-scores (communes IDF), pas une estimation de marché;77600
690.0;77512;Villeneuve-sur-Bellot;77;commune;77512;1151;;;;;;;;;;;;;;;;;;;;aucune source de comptage disponible (voir sources);HEURISTIQUE — moyenne de z-scores (communes IDF), pas une estimation de marché;77510
691.0;78451;Nézel;78;commune;78451;1139;;;;;;;;;;;;;;;;;;;;aucune source de comptage disponible (voir sources);HEURISTIQUE — moyenne de z-scores (communes IDF), pas une estimation de marché;78410
692.0;95658;Vigny;95;commune;95658;1137;;;;;;;;;;;;;;;;;;;;aucune source de comptage disponible (voir sources);HEURISTIQUE — moyenne de z-scores (communes IDF), pas une estimation de marché;95450
693.0;78460;Oinville-sur-Montcient;78;commune;78460;1131;;;;;;;;;;;;;;;;;;;;aucune source de comptage disponible (voir sources);HEURISTIQUE — moyenne de z-scores (communes IDF), pas une estimation de marché;78250
694.0;77027;Beaumont-du-Gâtinais;77;commune;77027;1129;;;;;;;;;;;;;;;;;;;;aucune source de comptage disponible (voir sources);HEURISTIQUE — moyenne de z-scores (communes IDF), pas une estimation de marché;77890
695.0;77232;Isles-lès-Villenoy;77;commune;77232;1129;;;;;;;;;;;;;;;;;;;;aucune source de comptage disponible (voir sources);HEURISTIQUE — moyenne de z-scores (communes IDF), pas une estimation de marché;77450
696.0;77435;Saint-Sauveur-sur-École;77;commune;77435;1125;;;;;;;;;;;;;;;;;;;;aucune source de comptage disponible (voir sources);HEURISTIQUE — moyenne de z-scores (communes IDF), pas une estimation de marché;77930
697.0;77453;Sivry-Courtry;77;commune;77453;1124;;;;;;;;;;;;;;;;;;;;aucune source de comptage disponible (voir sources);HEURISTIQUE — moyenne de z-scores (communes IDF), pas une estimation de marché;77115
698.0;77162;Doue;77;commune;77162;1122;;;;;;;;;;;;;;;;;;;;aucune source de comptage disponible (voir sources);HEURISTIQUE — moyenne de z-scores (communes IDF), pas une estimation de marché;77510
699.0;77191;Fontenailles;77;commune;77191;1109;;;;;;;;;;;;;;;;;;;;aucune source de comptage disponible (voir sources);HEURISTIQUE — moyenne de z-scores (communes IDF), pas une estimation de marché;77370
700.0;95002;Ableiges;95;commune;95002;1108;;;;;;;;;;;;;;;;;;;;aucune source de comptage disponible (voir sources);HEURISTIQUE — moyenne de z-scores (communes IDF), pas une estimation de marché;95450
701.0;95535;Sagy;95;commune;95535;1096;;;;;;;;;;;;;;;;;;;;aucune source de comptage disponible (voir sources);HEURISTIQUE — moyenne de z-scores (communes IDF), pas une estimation de marché;95450
702.0;91132;Chamarande;91;commune;91132;1089;;;;;;;;;;;;;;;;;;;;aucune source de comptage disponible (voir sources);HEURISTIQUE — moyenne de z-scores (communes IDF), pas une estimation de marché;91730
703.0;78381;Maulette;78;commune;78381;1088;;;;;;;;;;;;;;;;;;;;aucune source de comptage disponible (voir sources);HEURISTIQUE — moyenne de z-scores (communes IDF), pas une estimation de marché;78550
704.0;78290;Guernes;78;commune;78290;1085;;;;;;;;;;;;;;;;;;;;aucune source de comptage disponible (voir sources);HEURISTIQUE — moyenne de z-scores (communes IDF), pas une estimation de marché;78520
705.0;78007;Aigremont;78;commune;78007;1075;;;;;;;;;;;;;;;;;;;;aucune source de comptage disponible (voir sources);HEURISTIQUE — moyenne de z-scores (communes IDF), pas une estimation de marché;78240
706.0;77077;Chambry;77;commune;77077;1064;;;;;;;;;;;;;;;;;;;;aucune source de comptage disponible (voir sources);HEURISTIQUE — moyenne de z-scores (communes IDF), pas une estimation de marché;77910
707.0;77478;Ussy-sur-Marne;77;commune;77478;1058;;;;;;;;;;;;;;;;;;;;aucune source de comptage disponible (voir sources);HEURISTIQUE — moyenne de z-scores (communes IDF), pas une estimation de marché;77260
708.0;77504;Villemaréchal;77;commune;77504;1055;;;;;;;;;;;;;;;;;;;;aucune source de comptage disponible (voir sources);HEURISTIQUE — moyenne de z-scores (communes IDF), pas une estimation de marché;77710
709.0;91130;Chalo-Saint-Mars;91;commune;91130;1053;;;;;;;;;;;;;;;;;;;;aucune source de comptage disponible (voir sources);HEURISTIQUE — moyenne de z-scores (communes IDF), pas une estimation de marché;91780
710.0;91041;Avrainville;91;commune;91041;1052;;;;;;;;;;;;;;;;;;;;aucune source de comptage disponible (voir sources);HEURISTIQUE — moyenne de z-scores (communes IDF), pas une estimation de marché;91630
711.0;77101;Châtenay-sur-Seine;77;commune;77101;1049;;;;;;;;;;;;;;;;;;;;aucune source de comptage disponible (voir sources);HEURISTIQUE — moyenne de z-scores (communes IDF), pas une estimation de marché;77126
712.0;95594;Seugy;95;commune;95594;1044;;;;;;;;;;;;;;;;;;;;aucune source de comptage disponible (voir sources);HEURISTIQUE — moyenne de z-scores (communes IDF), pas une estimation de marché;95270
713.0;91463;Oncy-sur-École;91;commune;91463;1042;;;;;;;;;;;;;;;;;;;;aucune source de comptage disponible (voir sources);HEURISTIQUE — moyenne de z-scores (communes IDF), pas une estimation de marché;91490
714.0;77392;Rouvres;77;commune;77392;1038;;;;;;;;;;;;;;;;;;;;aucune source de comptage disponible (voir sources);HEURISTIQUE — moyenne de z-scores (communes IDF), pas une estimation de marché;77230
715.0;77265;Luzancy;77;commune;77265;1036;;;;;;;;;;;;;;;;;;;;aucune source de comptage disponible (voir sources);HEURISTIQUE — moyenne de z-scores (communes IDF), pas une estimation de marché;77138
716.0;91679;Villiers-le-Bâcle;91;commune;91679;1031;;;;;;;;;;;;;;;;;;;;aucune source de comptage disponible (voir sources);HEURISTIQUE — moyenne de z-scores (communes IDF), pas une estimation de marché;91190
717.0;77188;Fontaine-le-Port;77;commune;77188;1025;;;;;;;;;;;;;;;;;;;;aucune source de comptage disponible (voir sources);HEURISTIQUE — moyenne de z-scores (communes IDF), pas une estimation de marché;77590
718.0;78615;Thiverval-Grignon;78;commune;78615;1023;;;;;;;;;;;;;;;;;;;;aucune source de comptage disponible (voir sources);HEURISTIQUE — moyenne de z-scores (communes IDF), pas une estimation de marché;78850
719.0;77006;Arbonne-la-Forêt;77;commune;77006;1021;;;;;;;;;;;;;;;;;;;;aucune source de comptage disponible (voir sources);HEURISTIQUE — moyenne de z-scores (communes IDF), pas une estimation de marché;77630
720.0;78034;Auteuil;78;commune;78034;1020;;;;;;;;;;;;;;;;;;;;aucune source de comptage disponible (voir sources);HEURISTIQUE — moyenne de z-scores (communes IDF), pas une estimation de marché;78770
721.0;77113;Chevru;77;commune;77113;1012;;;;;;;;;;;;;;;;;;;;aucune source de comptage disponible (voir sources);HEURISTIQUE — moyenne de z-scores (communes IDF), pas une estimation de marché;77320
722.0;77211;Grandpuits-Bailly-Carrois;77;commune;77211;1009;;;;;;;;;;;;;;;;;;;;aucune source de comptage disponible (voir sources);HEURISTIQUE — moyenne de z-scores (communes IDF), pas une estimation de marché;77720
723.0;78193;Dampierre-en-Yvelines;78;commune;78193;1008;;;;;;;;;;;;;;;;;;;;aucune source de comptage disponible (voir sources);HEURISTIQUE — moyenne de z-scores (communes IDF), pas une estimation de marché;78720
724.0;77480;Valence-en-Brie;77;commune;77480;1007;;;;;;;;;;;;;;;;;;;;aucune source de comptage disponible (voir sources);HEURISTIQUE — moyenne de z-scores (communes IDF), pas une estimation de marché;77830
725.0;78307;Hermeray;78;commune;78307;1007;;;;;;;;;;;;;;;;;;;;aucune source de comptage disponible (voir sources);HEURISTIQUE — moyenne de z-scores (communes IDF), pas une estimation de marché;78125
726.0;77031;Bernay-Vilbert;77;commune;77031;1005;;;;;;;;;;;;;;;;;;;;aucune source de comptage disponible (voir sources);HEURISTIQUE — moyenne de z-scores (communes IDF), pas une estimation de marché;77540
727.0;78557;Saint-Hilarion;78;commune;78557;999;;;;;;;;;;;;;;;;;;;;aucune source de comptage disponible (voir sources);HEURISTIQUE — moyenne de z-scores (communes IDF), pas une estimation de marché;78125
728.0;77106;Chauffry;77;commune;77106;994;;;;;;;;;;;;;;;;;;;;aucune source de comptage disponible (voir sources);HEURISTIQUE — moyenne de z-scores (communes IDF), pas une estimation de marché;77169
729.0;77291;Le Mesnil-Amelot;77;commune;77291;992;;;;;;;;;;;;;;;;;;;;aucune source de comptage disponible (voir sources);HEURISTIQUE — moyenne de z-scores (communes IDF), pas une estimation de marché;77990
730.0;77156;Darvault;77;commune;77156;987;;;;;;;;;;;;;;;;;;;;aucune source de comptage disponible (voir sources);HEURISTIQUE — moyenne de z-scores (communes IDF), pas une estimation de marché;77140
731.0;77432;Saint-Rémy-de-la-Vanne;77;commune;77432;985;;;;;;;;;;;;;;;;;;;;aucune source de comptage disponible (voir sources);HEURISTIQUE — moyenne de z-scores (communes IDF), pas une estimation de marché;77320
732.0;78464;Orcemont;78;commune;78464;985;;;;;;;;;;;;;;;;;;;;aucune source de comptage disponible (voir sources);HEURISTIQUE — moyenne de z-scores (communes IDF), pas une estimation de marché;78125
733.0;77010;Aubepierre-Ozouer-le-Repos;77;commune;77010;984;;;;;;;;;;;;;;;;;;;;aucune source de comptage disponible (voir sources);HEURISTIQUE — moyenne de z-scores (communes IDF), pas une estimation de marché;77720
734.0;77354;Pamfou;77;commune;77354;983;;;;;;;;;;;;;;;;;;;;aucune source de comptage disponible (voir sources);HEURISTIQUE — moyenne de z-scores (communes IDF), pas une estimation de marché;77830
735.0;91546;Saint-Cyr-sous-Dourdan;91;commune;91546;982;;;;;;;;;;;;;;;;;;;;aucune source de comptage disponible (voir sources);HEURISTIQUE — moyenne de z-scores (communes IDF), pas une estimation de marché;91410
736.0;77534;Yèbles;77;commune;77534;980;;;;;;;;;;;;;;;;;;;;aucune source de comptage disponible (voir sources);HEURISTIQUE — moyenne de z-scores (communes IDF), pas une estimation de marché;77390
737.0;91639;Vayres-sur-Essonne;91;commune;91639;978;;;;;;;;;;;;;;;;;;;;aucune source de comptage disponible (voir sources);HEURISTIQUE — moyenne de z-scores (communes IDF), pas une estimation de marché;91820
738.0;77270;Maisoncelles-en-Brie;77;commune;77270;977;;;;;;;;;;;;;;;;;;;;aucune source de comptage disponible (voir sources);HEURISTIQUE — moyenne de z-scores (communes IDF), pas une estimation de marché;77580
739.0;78516;Raizeux;78;commune;78516;970;;;;;;;;;;;;;;;;;;;;aucune source de comptage disponible (voir sources);HEURISTIQUE — moyenne de z-scores (communes IDF), pas une estimation de marché;78125
740.0;77406;Saint-Denis-lès-Rebais;77;commune;77406;966;;;;;;;;;;;;;;;;;;;;aucune source de comptage disponible (voir sources);HEURISTIQUE — moyenne de z-scores (communes IDF), pas une estimation de marché;77510
741.0;78609;Tessancourt-sur-Aubette;78;commune;78609;966;;;;;;;;;;;;;;;;;;;;aucune source de comptage disponible (voir sources);HEURISTIQUE — moyenne de z-scores (communes IDF), pas une estimation de marché;78250
742.0;95541;Saint-Clair-sur-Epte;95;commune;95541;964;;;;;;;;;;;;;;;;;;;;aucune source de comptage disponible (voir sources);HEURISTIQUE — moyenne de z-scores (communes IDF), pas une estimation de marché;95770
743.0;78497;Poigny-la-Forêt;78;commune;78497;957;;;;;;;;;;;;;;;;;;;;aucune source de comptage disponible (voir sources);HEURISTIQUE — moyenne de z-scores (communes IDF), pas une estimation de marché;78125
744.0;95101;Bray-et-Lû;95;commune;95101;954;;;;;;;;;;;;;;;;;;;;aucune source de comptage disponible (voir sources);HEURISTIQUE — moyenne de z-scores (communes IDF), pas une estimation de marché;95710
745.0;78020;Arnouville-lès-Mantes;78;commune;78020;951;;;;;;;;;;;;;;;;;;;;aucune source de comptage disponible (voir sources);HEURISTIQUE — moyenne de z-scores (communes IDF), pas une estimation de marché;78790
746.0;78588;Saulx-Marchais;78;commune;78588;950;;;;;;;;;;;;;;;;;;;;aucune source de comptage disponible (voir sources);HEURISTIQUE — moyenne de z-scores (communes IDF), pas une estimation de marché;78650
747.0;78246;Fontenay-Saint-Père;78;commune;78246;949;;;;;;;;;;;;;;;;;;;;aucune source de comptage disponible (voir sources);HEURISTIQUE — moyenne de z-scores (communes IDF), pas une estimation de marché;78440
748.0;77196;Fresnes-sur-Marne;77;commune;77196;948;;;;;;;;;;;;;;;;;;;;aucune source de comptage disponible (voir sources);HEURISTIQUE — moyenne de z-scores (communes IDF), pas une estimation de marché;77410
749.0;91469;Ormoy-la-Rivière;91;commune;91469;943;;;;;;;;;;;;;;;;;;;;aucune source de comptage disponible (voir sources);HEURISTIQUE — moyenne de z-scores (communes IDF), pas une estimation de marché;91150
750.0;78567;Saint-Martin-la-Garenne;78;commune;78567;942;;;;;;;;;;;;;;;;;;;;aucune source de comptage disponible (voir sources);HEURISTIQUE — moyenne de z-scores (communes IDF), pas une estimation de marché;78520
751.0;78443;Neauphle-le-Vieux;78;commune;78443;937;;;;;;;;;;;;;;;;;;;;aucune source de comptage disponible (voir sources);HEURISTIQUE — moyenne de z-scores (communes IDF), pas une estimation de marché;78640
752.0;77044;Bombon;77;commune;77044;935;;;;;;;;;;;;;;;;;;;;aucune source de comptage disponible (voir sources);HEURISTIQUE — moyenne de z-scores (communes IDF), pas une estimation de marché;77720
753.0;77172;Esmans;77;commune;77172;934;;;;;;;;;;;;;;;;;;;;aucune source de comptage disponible (voir sources);HEURISTIQUE — moyenne de z-scores (communes IDF), pas une estimation de marché;77940
754.0;78623;Le Tremblay-sur-Mauldre;78;commune;78623;930;;;;;;;;;;;;;;;;;;;;aucune source de comptage disponible (voir sources);HEURISTIQUE — moyenne de z-scores (communes IDF), pas une estimation de marché;78490
755.0;78474;Orvilliers;78;commune;78474;925;;;;;;;;;;;;;;;;;;;;aucune source de comptage disponible (voir sources);HEURISTIQUE — moyenne de z-scores (communes IDF), pas une estimation de marché;78910
756.0;91292;Guibeville;91;commune;91292;923;;;;;;;;;;;;;;;;;;;;aucune source de comptage disponible (voir sources);HEURISTIQUE — moyenne de z-scores (communes IDF), pas une estimation de marché;91630
757.0;91581;Saint-Yon;91;commune;91581;923;;;;;;;;;;;;;;;;;;;;aucune source de comptage disponible (voir sources);HEURISTIQUE — moyenne de z-scores (communes IDF), pas une estimation de marché;91650
758.0;77117;Citry;77;commune;77117;922;;;;;;;;;;;;;;;;;;;;aucune source de comptage disponible (voir sources);HEURISTIQUE — moyenne de z-scores (communes IDF), pas une estimation de marché;77730
759.0;95395;Le Mesnil-Aubry;95;commune;95395;914;;;;;;;;;;;;;;;;;;;;aucune source de comptage disponible (voir sources);HEURISTIQUE — moyenne de z-scores (communes IDF), pas une estimation de marché;95720
760.0;77089;La Chapelle-Rablais;77;commune;77089;913;;;;;;;;;;;;;;;;;;;;aucune source de comptage disponible (voir sources);HEURISTIQUE — moyenne de z-scores (communes IDF), pas une estimation de marché;77370
761.0;78398;Les Mesnuls;78;commune;78398;910;;;;;;;;;;;;;;;;;;;;aucune source de comptage disponible (voir sources);HEURISTIQUE — moyenne de z-scores (communes IDF), pas une estimation de marché;78490
762.0;78522;Rochefort-en-Yvelines;78;commune;78522;910;;;;;;;;;;;;;;;;;;;;aucune source de comptage disponible (voir sources);HEURISTIQUE — moyenne de z-scores (communes IDF), pas une estimation de marché;78730
763.0;78068;Blaru;78;commune;78068;907;;;;;;;;;;;;;;;;;;;;aucune source de comptage disponible (voir sources);HEURISTIQUE — moyenne de z-scores (communes IDF), pas une estimation de marché;78270
764.0;95529;Ronquerolles;95;commune;95529;907;;;;;;;;;;;;;;;;;;;;aucune source de comptage disponible (voir sources);HEURISTIQUE — moyenne de z-scores (communes IDF), pas une estimation de marché;95340
765.0;78569;Sainte-Mesme;78;commune;78569;904;;;;;;;;;;;;;;;;;;;;aucune source de comptage disponible (voir sources);HEURISTIQUE — moyenne de z-scores (communes IDF), pas une estimation de marché;78730
766.0;91293;Guigneville-sur-Essonne;91;commune;91293;904;;;;;;;;;;;;;;;;;;;;aucune source de comptage disponible (voir sources);HEURISTIQUE — moyenne de z-scores (communes IDF), pas une estimation de marché;91590
767.0;95452;Nointel;95;commune;95452;903;;;;;;;;;;;;;;;;;;;;aucune source de comptage disponible (voir sources);HEURISTIQUE — moyenne de z-scores (communes IDF), pas une estimation de marché;95590
768.0;78289;Grosrouvre;78;commune;78289;902;;;;;;;;;;;;;;;;;;;;aucune source de comptage disponible (voir sources);HEURISTIQUE — moyenne de z-scores (communes IDF), pas une estimation de marché;78490
769.0;78410;Moisson;78;commune;78410;902;;;;;;;;;;;;;;;;;;;;aucune source de comptage disponible (voir sources);HEURISTIQUE — moyenne de z-scores (communes IDF), pas une estimation de marché;78840
770.0;95074;Boisemont;95;commune;95074;892;;;;;;;;;;;;;;;;;;;;aucune source de comptage disponible (voir sources);HEURISTIQUE — moyenne de z-scores (communes IDF), pas une estimation de marché;95000
771.0;77032;Beton-Bazoches;77;commune;77032;890;;;;;;;;;;;;;;;;;;;;aucune source de comptage disponible (voir sources);HEURISTIQUE — moyenne de z-scores (communes IDF), pas une estimation de marché;77320
772.0;78681;Villiers-le-Mahieu;78;commune;78681;888;;;;;;;;;;;;;;;;;;;;aucune source de comptage disponible (voir sources);HEURISTIQUE — moyenne de z-scores (communes IDF), pas une estimation de marché;78770
773.0;77436;Saint-Siméon;77;commune;77436;883;;;;;;;;;;;;;;;;;;;;aucune source de comptage disponible (voir sources);HEURISTIQUE — moyenne de z-scores (communes IDF), pas une estimation de marché;77169
774.0;77477;Ury;77;commune;77477;882;;;;;;;;;;;;;;;;;;;;aucune source de comptage disponible (voir sources);HEURISTIQUE — moyenne de z-scores (communes IDF), pas une estimation de marché;77760
775.0;77272;Maison-Rouge;77;commune;77272;880;;;;;;;;;;;;;;;;;;;;aucune source de comptage disponible (voir sources);HEURISTIQUE — moyenne de z-scores (communes IDF), pas une estimation de marché;77370
776.0;77025;Bazoches-lès-Bray;77;commune;77025;878;;;;;;;;;;;;;;;;;;;;aucune source de comptage disponible (voir sources);HEURISTIQUE — moyenne de z-scores (communes IDF), pas une estimation de marché;77118
777.0;95554;Saint-Gervais;95;commune;95554;878;;;;;;;;;;;;;;;;;;;;aucune source de comptage disponible (voir sources);HEURISTIQUE — moyenne de z-scores (communes IDF), pas une estimation de marché;95420
778.0;77283;May-en-Multien;77;commune;77283;877;;;;;;;;;;;;;;;;;;;;aucune source de comptage disponible (voir sources);HEURISTIQUE — moyenne de z-scores (communes IDF), pas une estimation de marché;77145
779.0;78470;Orphin;78;commune;78470;875;;;;;;;;;;;;;;;;;;;;aucune source de comptage disponible (voir sources);HEURISTIQUE — moyenne de z-scores (communes IDF), pas une estimation de marché;78125
780.0;77049;Boutigny;77;commune;77049;874;;;;;;;;;;;;;;;;;;;;aucune source de comptage disponible (voir sources);HEURISTIQUE — moyenne de z-scores (communes IDF), pas une estimation de marché;77470
781.0;77486;Vaudoy-en-Brie;77;commune;77486;872;;;;;;;;;;;;;;;;;;;;aucune source de comptage disponible (voir sources);HEURISTIQUE — moyenne de z-scores (communes IDF), pas une estimation de marché;77141
782.0;78209;Émancé;78;commune;78209;872;;;;;;;;;;;;;;;;;;;;aucune source de comptage disponible (voir sources);HEURISTIQUE — moyenne de z-scores (communes IDF), pas une estimation de marché;78125
783.0;78444;Neauphlette;78;commune;78444;871;;;;;;;;;;;;;;;;;;;;aucune source de comptage disponible (voir sources);HEURISTIQUE — moyenne de z-scores (communes IDF), pas une estimation de marché;78980
784.0;95040;Avernes;95;commune;95040;871;;;;;;;;;;;;;;;;;;;;aucune source de comptage disponible (voir sources);HEURISTIQUE — moyenne de z-scores (communes IDF), pas une estimation de marché;95450
785.0;91195;Dannemois;91;commune;91195;865;;;;;;;;;;;;;;;;;;;;aucune source de comptage disponible (voir sources);HEURISTIQUE — moyenne de z-scores (communes IDF), pas une estimation de marché;91490
786.0;77347;Les Ormes-sur-Voulzie;77;commune;77347;864;;;;;;;;;;;;;;;;;;;;aucune source de comptage disponible (voir sources);HEURISTIQUE — moyenne de z-scores (communes IDF), pas une estimation de marché;77134
787.0;95678;Villiers-Adam;95;commune;95678;858;;;;;;;;;;;;;;;;;;;;aucune source de comptage disponible (voir sources);HEURISTIQUE — moyenne de z-scores (communes IDF), pas une estimation de marché;95840
788.0;95008;Aincourt;95;commune;95008;854;;;;;;;;;;;;;;;;;;;;aucune source de comptage disponible (voir sources);HEURISTIQUE — moyenne de z-scores (communes IDF), pas une estimation de marché;95510
789.0;78647;Vert;78;commune;78647;852;;;;;;;;;;;;;;;;;;;;aucune source de comptage disponible (voir sources);HEURISTIQUE — moyenne de z-scores (communes IDF), pas une estimation de marché;78930
790.0;77456;Soisy-Bouy;77;commune;77456;850;;;;;;;;;;;;;;;;;;;;aucune source de comptage disponible (voir sources);HEURISTIQUE — moyenne de z-scores (communes IDF), pas une estimation de marché;77650
791.0;78164;Clairefontaine-en-Yvelines;78;commune;78164;850;;;;;;;;;;;;;;;;;;;;aucune source de comptage disponible (voir sources);HEURISTIQUE — moyenne de z-scores (communes IDF), pas une estimation de marché;78120
792.0;77357;Pécy;77;commune;77357;849;;;;;;;;;;;;;;;;;;;;aucune source de comptage disponible (voir sources);HEURISTIQUE — moyenne de z-scores (communes IDF), pas une estimation de marché;77970
793.0;95651;Vétheuil;95;commune;95651;849;;;;;;;;;;;;;;;;;;;;aucune source de comptage disponible (voir sources);HEURISTIQUE — moyenne de z-scores (communes IDF), pas une estimation de marché;95510
794.0;77418;Saint-Loup-de-Naud;77;commune;77418;848;;;;;;;;;;;;;;;;;;;;aucune source de comptage disponible (voir sources);HEURISTIQUE — moyenne de z-scores (communes IDF), pas une estimation de marché;77650
795.0;77202;La Genevraye;77;commune;77202;840;;;;;;;;;;;;;;;;;;;;aucune source de comptage disponible (voir sources);HEURISTIQUE — moyenne de z-scores (communes IDF), pas une estimation de marché;77690
796.0;78125;La Celle-les-Bordes;78;commune;78125;840;;;;;;;;;;;;;;;;;;;;aucune source de comptage disponible (voir sources);HEURISTIQUE — moyenne de z-scores (communes IDF), pas une estimation de marché;78720
797.0;77428;Saint-Ouen-en-Brie;77;commune;77428;837;;;;;;;;;;;;;;;;;;;;aucune source de comptage disponible (voir sources);HEURISTIQUE — moyenne de z-scores (communes IDF), pas une estimation de marché;77720
798.0;77383;Rampillon;77;commune;77383;836;;;;;;;;;;;;;;;;;;;;aucune source de comptage disponible (voir sources);HEURISTIQUE — moyenne de z-scores (communes IDF), pas une estimation de marché;77370
799.0;77293;Misy-sur-Yonne;77;commune;77293;834;;;;;;;;;;;;;;;;;;;;aucune source de comptage disponible (voir sources);HEURISTIQUE — moyenne de z-scores (communes IDF), pas une estimation de marché;77130
800.0;77002;Amillis;77;commune;77002;830;;;;;;;;;;;;;;;;;;;;aucune source de comptage disponible (voir sources);HEURISTIQUE — moyenne de z-scores (communes IDF), pas une estimation de marché;77120
801.0;77370;Poligny;77;commune;77370;825;;;;;;;;;;;;;;;;;;;;aucune source de comptage disponible (voir sources);HEURISTIQUE — moyenne de z-scores (communes IDF), pas une estimation de marché;77167
802.0;77071;Chaintreaux;77;commune;77071;821;;;;;;;;;;;;;;;;;;;;aucune source de comptage disponible (voir sources);HEURISTIQUE — moyenne de z-scores (communes IDF), pas une estimation de marché;77460
803.0;77403;Saint-Brice;77;commune;77403;819;;;;;;;;;;;;;;;;;;;;aucune source de comptage disponible (voir sources);HEURISTIQUE — moyenne de z-scores (communes IDF), pas une estimation de marché;77160
804.0;77161;Dormelles;77;commune;77161;816;;;;;;;;;;;;;;;;;;;;aucune source de comptage disponible (voir sources);HEURISTIQUE — moyenne de z-scores (communes IDF), pas une estimation de marché;77130
805.0;77266;Machault;77;commune;77266;815;;;;;;;;;;;;;;;;;;;;aucune source de comptage disponible (voir sources);HEURISTIQUE — moyenne de z-scores (communes IDF), pas une estimation de marché;77133
806.0;77516;Ville-Saint-Jacques;77;commune;77516;815;;;;;;;;;;;;;;;;;;;;aucune source de comptage disponible (voir sources);HEURISTIQUE — moyenne de z-scores (communes IDF), pas une estimation de marché;77130
807.0;77082;Champeaux;77;commune;77082;810;;;;;;;;;;;;;;;;;;;;aucune source de comptage disponible (voir sources);HEURISTIQUE — moyenne de z-scores (communes IDF), pas une estimation de marché;77720
808.0;78506;Prunay-en-Yvelines;78;commune;78506;808;;;;;;;;;;;;;;;;;;;;aucune source de comptage disponible (voir sources);HEURISTIQUE — moyenne de z-scores (communes IDF), pas une estimation de marché;78660
809.0;91294;Guillerval;91;commune;91294;808;;;;;;;;;;;;;;;;;;;;aucune source de comptage disponible (voir sources);HEURISTIQUE — moyenne de z-scores (communes IDF), pas une estimation de marché;91690
810.0;77214;Gressy;77;commune;77214;807;;;;;;;;;;;;;;;;;;;;aucune source de comptage disponible (voir sources);HEURISTIQUE — moyenne de z-scores (communes IDF), pas une estimation de marché;77410
811.0;77173;Étrépilly;77;commune;77173;805;;;;;;;;;;;;;;;;;;;;aucune source de comptage disponible (voir sources);HEURISTIQUE — moyenne de z-scores (communes IDF), pas une estimation de marché;77139
812.0;78329;Lainville-en-Vexin;78;commune;78329;805;;;;;;;;;;;;;;;;;;;;aucune source de comptage disponible (voir sources);HEURISTIQUE — moyenne de z-scores (communes IDF), pas une estimation de marché;78440
813.0;78364;Marcq;78;commune;78364;802;;;;;;;;;;;;;;;;;;;;aucune source de comptage disponible (voir sources);HEURISTIQUE — moyenne de z-scores (communes IDF), pas une estimation de marché;78770
814.0;77388;Reuil-en-Brie;77;commune;77388;798;;;;;;;;;;;;;;;;;;;;aucune source de comptage disponible (voir sources);HEURISTIQUE — moyenne de z-scores (communes IDF), pas une estimation de marché;77260
815.0;77369;Poincy;77;commune;77369;797;;;;;;;;;;;;;;;;;;;;aucune source de comptage disponible (voir sources);HEURISTIQUE — moyenne de z-scores (communes IDF), pas une estimation de marché;77470
816.0;78317;Jambville;78;commune;78317;793;;;;;;;;;;;;;;;;;;;;aucune source de comptage disponible (voir sources);HEURISTIQUE — moyenne de z-scores (communes IDF), pas une estimation de marché;78440
817.0;77060;Buthiers;77;commune;77060;792;;;;;;;;;;;;;;;;;;;;aucune source de comptage disponible (voir sources);HEURISTIQUE — moyenne de z-scores (communes IDF), pas une estimation de marché;77760
818.0;77398;Sablonnières;77;commune;77398;791;;;;;;;;;;;;;;;;;;;;aucune source de comptage disponible (voir sources);HEURISTIQUE — moyenne de z-scores (communes IDF), pas une estimation de marché;77510
819.0;77462;Thieux;77;commune;77462;778;;;;;;;;;;;;;;;;;;;;aucune source de comptage disponible (voir sources);HEURISTIQUE — moyenne de z-scores (communes IDF), pas une estimation de marché;77230
820.0;95660;Villaines-sous-Bois;95;commune;95660;778;;;;;;;;;;;;;;;;;;;;aucune source de comptage disponible (voir sources);HEURISTIQUE — moyenne de z-scores (communes IDF), pas une estimation de marché;95570
821.0;77030;Bellot;77;commune;77030;777;;;;;;;;;;;;;;;;;;;;aucune source de comptage disponible (voir sources);HEURISTIQUE — moyenne de z-scores (communes IDF), pas une estimation de marché;77510
822.0;77054;La Brosse-Montceaux;77;commune;77054;776;;;;;;;;;;;;;;;;;;;;aucune source de comptage disponible (voir sources);HEURISTIQUE — moyenne de z-scores (communes IDF), pas une estimation de marché;77940
823.0;95489;Piscop;95;commune;95489;768;;;;;;;;;;;;;;;;;;;;aucune source de comptage disponible (voir sources);HEURISTIQUE — moyenne de z-scores (communes IDF), pas une estimation de marché;95350
824.0;91662;Villeconin;91;commune;91662;766;;;;;;;;;;;;;;;;;;;;aucune source de comptage disponible (voir sources);HEURISTIQUE — moyenne de z-scores (communes IDF), pas une estimation de marché;91580
825.0;78104;Breuil-Bois-Robert;78;commune;78104;764;;;;;;;;;;;;;;;;;;;;aucune source de comptage disponible (voir sources);HEURISTIQUE — moyenne de z-scores (communes IDF), pas une estimation de marché;78930
826.0;77034;Blandy;77;commune;77034;763;;;;;;;;;;;;;;;;;;;;aucune source de comptage disponible (voir sources);HEURISTIQUE — moyenne de z-scores (communes IDF), pas une estimation de marché;77115
827.0;77248;Lesches;77;commune;77248;763;;;;;;;;;;;;;;;;;;;;aucune source de comptage disponible (voir sources);HEURISTIQUE — moyenne de z-scores (communes IDF), pas une estimation de marché;77450
828.0;77231;Isles-les-Meldeuses;77;commune;77231;760;;;;;;;;;;;;;;;;;;;;aucune source de comptage disponible (voir sources);HEURISTIQUE — moyenne de z-scores (communes IDF), pas une estimation de marché;77440
829.0;91273;Gironville-sur-Essonne;91;commune;91273;760;;;;;;;;;;;;;;;;;;;;aucune source de comptage disponible (voir sources);HEURISTIQUE — moyenne de z-scores (communes IDF), pas une estimation de marché;91720
830.0;77506;Villemer;77;commune;77506;759;;;;;;;;;;;;;;;;;;;;aucune source de comptage disponible (voir sources);HEURISTIQUE — moyenne de z-scores (communes IDF), pas une estimation de marché;77250
831.0;78597;Soindres;78;commune;78597;757;;;;;;;;;;;;;;;;;;;;aucune source de comptage disponible (voir sources);HEURISTIQUE — moyenne de z-scores (communes IDF), pas une estimation de marché;78200
832.0;95445;Nerville-la-Forêt;95;commune;95445;756;;;;;;;;;;;;;;;;;;;;aucune source de comptage disponible (voir sources);HEURISTIQUE — moyenne de z-scores (communes IDF), pas une estimation de marché;95590
833.0;77123;Compans;77;commune;77123;754;;;;;;;;;;;;;;;;;;;;aucune source de comptage disponible (voir sources);HEURISTIQUE — moyenne de z-scores (communes IDF), pas une estimation de marché;77290
834.0;78227;Évecquemont;78;commune;78227;754;;;;;;;;;;;;;;;;;;;;aucune source de comptage disponible (voir sources);HEURISTIQUE — moyenne de z-scores (communes IDF), pas une estimation de marché;78740
835.0;77076;Chalmaison;77;commune;77076;749;;;;;;;;;;;;;;;;;;;;aucune source de comptage disponible (voir sources);HEURISTIQUE — moyenne de z-scores (communes IDF), pas une estimation de marché;77650
836.0;77376;Précy-sur-Marne;77;commune;77376;747;;;;;;;;;;;;;;;;;;;;aucune source de comptage disponible (voir sources);HEURISTIQUE — moyenne de z-scores (communes IDF), pas une estimation de marché;77410
837.0;78077;La Boissière-École;78;commune;78077;747;;;;;;;;;;;;;;;;;;;;aucune source de comptage disponible (voir sources);HEURISTIQUE — moyenne de z-scores (communes IDF), pas une estimation de marché;78125
838.0;77425;Saint-Martin-en-Bière;77;commune;77425;746;;;;;;;;;;;;;;;;;;;;aucune source de comptage disponible (voir sources);HEURISTIQUE — moyenne de z-scores (communes IDF), pas une estimation de marché;77630
839.0;77410;Saint-Germain-Laxis;77;commune;77410;742;;;;;;;;;;;;;;;;;;;;aucune source de comptage disponible (voir sources);HEURISTIQUE — moyenne de z-scores (communes IDF), pas une estimation de marché;77950
840.0;78320;Notre-Dame-de-la-Mer;78;commune;78320;742;;;;;;;;;;;;;;;;;;;;aucune source de comptage disponible (voir sources);HEURISTIQUE — moyenne de z-scores (communes IDF), pas une estimation de marché;78270
841.0;77201;Gastins;77;commune;77201;741;;;;;;;;;;;;;;;;;;;;aucune source de comptage disponible (voir sources);HEURISTIQUE — moyenne de z-scores (communes IDF), pas une estimation de marché;77370
842.0;77081;Champdeuil;77;commune;77081;739;;;;;;;;;;;;;;;;;;;;aucune source de comptage disponible (voir sources);HEURISTIQUE — moyenne de z-scores (communes IDF), pas une estimation de marché;77390
843.0;77045;Bougligny;77;commune;77045;738;;;;;;;;;;;;;;;;;;;;aucune source de comptage disponible (voir sources);HEURISTIQUE — moyenne de z-scores (communes IDF), pas une estimation de marché;77570
844.0;77059;Bussy-Saint-Martin;77;commune;77059;738;;;;;;;;;;;;;;;;;;;;aucune source de comptage disponible (voir sources);HEURISTIQUE — moyenne de z-scores (communes IDF), pas une estimation de marché;77600
845.0;95365;Mareil-en-France;95;commune;95365;734;;;;;;;;;;;;;;;;;;;;aucune source de comptage disponible (voir sources);HEURISTIQUE — moyenne de z-scores (communes IDF), pas une estimation de marché;95850
846.0;77485;Le Vaudoué;77;commune;77485;731;;;;;;;;;;;;;;;;;;;;aucune source de comptage disponible (voir sources);HEURISTIQUE — moyenne de z-scores (communes IDF), pas une estimation de marché;77123
847.0;77244;Larchant;77;commune;77244;730;;;;;;;;;;;;;;;;;;;;aucune source de comptage disponible (voir sources);HEURISTIQUE — moyenne de z-scores (communes IDF), pas une estimation de marché;77760
848.0;91412;Mondeville;91;commune;91412;726;;;;;;;;;;;;;;;;;;;;aucune source de comptage disponible (voir sources);HEURISTIQUE — moyenne de z-scores (communes IDF), pas une estimation de marché;91590
849.0;77501;Villecerf;77;commune;77501;724;;;;;;;;;;;;;;;;;;;;aucune source de comptage disponible (voir sources);HEURISTIQUE — moyenne de z-scores (communes IDF), pas une estimation de marché;77250
850.0;78050;Bazoches-sur-Guyonne;78;commune;78050;721;;;;;;;;;;;;;;;;;;;;aucune source de comptage disponible (voir sources);HEURISTIQUE — moyenne de z-scores (communes IDF), pas une estimation de marché;78490
851.0;95459;Nucourt;95;commune;95459;719;;;;;;;;;;;;;;;;;;;;aucune source de comptage disponible (voir sources);HEURISTIQUE — moyenne de z-scores (communes IDF), pas une estimation de marché;95420
852.0;77308;Montgé-en-Goële;77;commune;77308;717;;;;;;;;;;;;;;;;;;;;aucune source de comptage disponible (voir sources);HEURISTIQUE — moyenne de z-scores (communes IDF), pas une estimation de marché;77230
853.0;77104;Châtres;77;commune;77104;714;;;;;;;;;;;;;;;;;;;;aucune source de comptage disponible (voir sources);HEURISTIQUE — moyenne de z-scores (communes IDF), pas une estimation de marché;77610
854.0;77515;Villeroy;77;commune;77515;711;;;;;;;;;;;;;;;;;;;;aucune source de comptage disponible (voir sources);HEURISTIQUE — moyenne de z-scores (communes IDF), pas une estimation de marché;77410
855.0;95287;Grisy-les-Plâtres;95;commune;95287;709;;;;;;;;;;;;;;;;;;;;aucune source de comptage disponible (voir sources);HEURISTIQUE — moyenne de z-scores (communes IDF), pas une estimation de marché;95810
856.0;91204;Écharcon;91;commune;91204;708;;;;;;;;;;;;;;;;;;;;aucune source de comptage disponible (voir sources);HEURISTIQUE — moyenne de z-scores (communes IDF), pas une estimation de marché;91540
857.0;77401;Sainte-Aulde;77;commune;77401;706;;;;;;;;;;;;;;;;;;;;aucune source de comptage disponible (voir sources);HEURISTIQUE — moyenne de z-scores (communes IDF), pas une estimation de marché;77260
858.0;77520;Villiers-sous-Grez;77;commune;77520;706;;;;;;;;;;;;;;;;;;;;aucune source de comptage disponible (voir sources);HEURISTIQUE — moyenne de z-scores (communes IDF), pas une estimation de marché;77760
859.0;77329;Nanteau-sur-Lunain;77;commune;77329;702;;;;;;;;;;;;;;;;;;;;aucune source de comptage disponible (voir sources);HEURISTIQUE — moyenne de z-scores (communes IDF), pas une estimation de marché;77710
860.0;78484;Perdreauville;78;commune;78484;701;;;;;;;;;;;;;;;;;;;;aucune source de comptage disponible (voir sources);HEURISTIQUE — moyenne de z-scores (communes IDF), pas une estimation de marché;78200
861.0;77474;Trilbardou;77;commune;77474;700;;;;;;;;;;;;;;;;;;;;aucune source de comptage disponible (voir sources);HEURISTIQUE — moyenne de z-scores (communes IDF), pas une estimation de marché;77450
862.0;78499;Ponthévrard;78;commune;78499;693;;;;;;;;;;;;;;;;;;;;aucune source de comptage disponible (voir sources);HEURISTIQUE — moyenne de z-scores (communes IDF), pas une estimation de marché;78730
863.0;78564;Saint-Martin-de-Bréthencourt;78;commune;78564;690;;;;;;;;;;;;;;;;;;;;aucune source de comptage disponible (voir sources);HEURISTIQUE — moyenne de z-scores (communes IDF), pas une estimation de marché;78660
864.0;91081;Boissy-le-Sec;91;commune;91081;690;;;;;;;;;;;;;;;;;;;;aucune source de comptage disponible (voir sources);HEURISTIQUE — moyenne de z-scores (communes IDF), pas une estimation de marché;91870
865.0;78261;Gaillon-sur-Montcient;78;commune;78261;689;;;;;;;;;;;;;;;;;;;;aucune source de comptage disponible (voir sources);HEURISTIQUE — moyenne de z-scores (communes IDF), pas une estimation de marché;78250
866.0;78437;Mousseaux-sur-Seine;78;commune;78437;689;;;;;;;;;;;;;;;;;;;;aucune source de comptage disponible (voir sources);HEURISTIQUE — moyenne de z-scores (communes IDF), pas une estimation de marché;78270
867.0;77490;Vendrest;77;commune;77490;686;;;;;;;;;;;;;;;;;;;;aucune source de comptage disponible (voir sources);HEURISTIQUE — moyenne de z-scores (communes IDF), pas une estimation de marché;77440
868.0;77321;Mousseaux-lès-Bray;77;commune;77321;682;;;;;;;;;;;;;;;;;;;;aucune source de comptage disponible (voir sources);HEURISTIQUE — moyenne de z-scores (communes IDF), pas une estimation de marché;77480
869.0;77147;La Croix-en-Brie;77;commune;77147;681;;;;;;;;;;;;;;;;;;;;aucune source de comptage disponible (voir sources);HEURISTIQUE — moyenne de z-scores (communes IDF), pas une estimation de marché;77370
870.0;77290;Méry-sur-Marne;77;commune;77290;679;;;;;;;;;;;;;;;;;;;;aucune source de comptage disponible (voir sources);HEURISTIQUE — moyenne de z-scores (communes IDF), pas une estimation de marché;77730
871.0;78006;Adainville;78;commune;78006;673;;;;;;;;;;;;;;;;;;;;aucune source de comptage disponible (voir sources);HEURISTIQUE — moyenne de z-scores (communes IDF), pas une estimation de marché;78113
872.0;78031;Auffreville-Brasseuil;78;commune;78031;671;;;;;;;;;;;;;;;;;;;;aucune source de comptage disponible (voir sources);HEURISTIQUE — moyenne de z-scores (communes IDF), pas une estimation de marché;78930
873.0;77300;Montceaux-lès-Meaux;77;commune;77300;669;;;;;;;;;;;;;;;;;;;;aucune source de comptage disponible (voir sources);HEURISTIQUE — moyenne de z-scores (communes IDF), pas une estimation de marché;77470
874.0;91100;Bouville;91;commune;91100;669;;;;;;;;;;;;;;;;;;;;aucune source de comptage disponible (voir sources);HEURISTIQUE — moyenne de z-scores (communes IDF), pas une estimation de marché;91880
875.0;77020;Bannost-Villegagnon;77;commune;77020;667;;;;;;;;;;;;;;;;;;;;aucune source de comptage disponible (voir sources);HEURISTIQUE — moyenne de z-scores (communes IDF), pas une estimation de marché;77970
876.0;78036;Autouillet;78;commune;78036;665;;;;;;;;;;;;;;;;;;;;aucune source de comptage disponible (voir sources);HEURISTIQUE — moyenne de z-scores (communes IDF), pas une estimation de marché;78770
877.0;78668;La Villeneuve-en-Chevrie;78;commune;78668;665;;;;;;;;;;;;;;;;;;;;aucune source de comptage disponible (voir sources);HEURISTIQUE — moyenne de z-scores (communes IDF), pas une estimation de marché;78270
878.0;77423;Saint-Martin-des-Champs;77;commune;77423;661;;;;;;;;;;;;;;;;;;;;aucune source de comptage disponible (voir sources);HEURISTIQUE — moyenne de z-scores (communes IDF), pas une estimation de marché;77320
879.0;91538;Saint-Aubin;91;commune;91538;661;;;;;;;;;;;;;;;;;;;;aucune source de comptage disponible (voir sources);HEURISTIQUE — moyenne de z-scores (communes IDF), pas une estimation de marché;91190
880.0;77273;Marchémoret;77;commune;77273;659;;;;;;;;;;;;;;;;;;;;aucune source de comptage disponible (voir sources);HEURISTIQUE — moyenne de z-scores (communes IDF), pas une estimation de marché;77230
881.0;78407;Mittainville;78;commune;78407;659;;;;;;;;;;;;;;;;;;;;aucune source de comptage disponible (voir sources);HEURISTIQUE — moyenne de z-scores (communes IDF), pas une estimation de marché;78125
882.0;95584;Santeuil;95;commune;95584;658;;;;;;;;;;;;;;;;;;;;aucune source de comptage disponible (voir sources);HEURISTIQUE — moyenne de z-scores (communes IDF), pas une estimation de marché;95640
883.0;77345;Orly-sur-Morin;77;commune;77345;656;;;;;;;;;;;;;;;;;;;;aucune source de comptage disponible (voir sources);HEURISTIQUE — moyenne de z-scores (communes IDF), pas une estimation de marché;77750
884.0;77195;Fouju;77;commune;77195;655;;;;;;;;;;;;;;;;;;;;aucune source de comptage disponible (voir sources);HEURISTIQUE — moyenne de z-scores (communes IDF), pas une estimation de marché;77390
885.0;91319;Janvry;91;commune;91319;654;;;;;;;;;;;;;;;;;;;;aucune source de comptage disponible (voir sources);HEURISTIQUE — moyenne de z-scores (communes IDF), pas une estimation de marché;91640
886.0;77185;Fleury-en-Bière;77;commune;77185;652;;;;;;;;;;;;;;;;;;;;aucune source de comptage disponible (voir sources);HEURISTIQUE — moyenne de z-scores (communes IDF), pas une estimation de marché;77930
887.0;78113;Brueil-en-Vexin;78;commune;78113;652;;;;;;;;;;;;;;;;;;;;aucune source de comptage disponible (voir sources);HEURISTIQUE — moyenne de z-scores (communes IDF), pas une estimation de marché;78440
888.0;78655;Vieille-Église-en-Yvelines;78;commune;78655;652;;;;;;;;;;;;;;;;;;;;aucune source de comptage disponible (voir sources);HEURISTIQUE — moyenne de z-scores (communes IDF), pas une estimation de marché;78125
889.0;77237;Jossigny;77;commune;77237;650;;;;;;;;;;;;;;;;;;;;aucune source de comptage disponible (voir sources);HEURISTIQUE — moyenne de z-scores (communes IDF), pas une estimation de marché;77600
890.0;77381;Quiers;77;commune;77381;650;;;;;;;;;;;;;;;;;;;;aucune source de comptage disponible (voir sources);HEURISTIQUE — moyenne de z-scores (communes IDF), pas une estimation de marché;77720
891.0;78281;Goussonville;78;commune;78281;650;;;;;;;;;;;;;;;;;;;;aucune source de comptage disponible (voir sources);HEURISTIQUE — moyenne de z-scores (communes IDF), pas une estimation de marché;78930
892.0;77465;Thoury-Férottes;77;commune;77465;649;;;;;;;;;;;;;;;;;;;;aucune source de comptage disponible (voir sources);HEURISTIQUE — moyenne de z-scores (communes IDF), pas une estimation de marché;77940
893.0;77227;Hermé;77;commune;77227;647;;;;;;;;;;;;;;;;;;;;aucune source de comptage disponible (voir sources);HEURISTIQUE — moyenne de z-scores (communes IDF), pas une estimation de marché;77114
894.0;77234;Jablines;77;commune;77234;647;;;;;;;;;;;;;;;;;;;;aucune source de comptage disponible (voir sources);HEURISTIQUE — moyenne de z-scores (communes IDF), pas une estimation de marché;77450
895.0;78296;Guitrancourt;78;commune;78296;646;;;;;;;;;;;;;;;;;;;;aucune source de comptage disponible (voir sources);HEURISTIQUE — moyenne de z-scores (communes IDF), pas une estimation de marché;78440
896.0;95169;Commeny;95;commune;95169;646;;;;;;;;;;;;;;;;;;;;aucune source de comptage disponible (voir sources);HEURISTIQUE — moyenne de z-scores (communes IDF), pas une estimation de marché;95450
897.0;77072;Chalautre-la-Grande;77;commune;77072;644;;;;;;;;;;;;;;;;;;;;aucune source de comptage disponible (voir sources);HEURISTIQUE — moyenne de z-scores (communes IDF), pas une estimation de marché;77171
898.0;95328;Labbeville;95;commune;95328;641;;;;;;;;;;;;;;;;;;;;aucune source de comptage disponible (voir sources);HEURISTIQUE — moyenne de z-scores (communes IDF), pas une estimation de marché;95690
899.0;78344;Lommoye;78;commune;78344;639;;;;;;;;;;;;;;;;;;;;aucune source de comptage disponible (voir sources);HEURISTIQUE — moyenne de z-scores (communes IDF), pas une estimation de marché;78270
900.0;77451;Signy-Signets;77;commune;77451;638;;;;;;;;;;;;;;;;;;;;aucune source de comptage disponible (voir sources);HEURISTIQUE — moyenne de z-scores (communes IDF), pas une estimation de marché;77640
901.0;78325;Jumeauville;78;commune;78325;638;;;;;;;;;;;;;;;;;;;;aucune source de comptage disponible (voir sources);HEURISTIQUE — moyenne de z-scores (communes IDF), pas une estimation de marché;78580
902.0;91393;Mérobert;91;commune;91393;635;;;;;;;;;;;;;;;;;;;;aucune source de comptage disponible (voir sources);HEURISTIQUE — moyenne de z-scores (communes IDF), pas une estimation de marché;91780
903.0;77386;Recloses;77;commune;77386;633;;;;;;;;;;;;;;;;;;;;aucune source de comptage disponible (voir sources);HEURISTIQUE — moyenne de z-scores (communes IDF), pas une estimation de marché;77760
904.0;95150;Chaussy;95;commune;95150;631;;;;;;;;;;;;;;;;;;;;aucune source de comptage disponible (voir sources);HEURISTIQUE — moyenne de z-scores (communes IDF), pas une estimation de marché;95710
905.0;77165;Les Écrennes;77;commune;77165;628;;;;;;;;;;;;;;;;;;;;aucune source de comptage disponible (voir sources);HEURISTIQUE — moyenne de z-scores (communes IDF), pas une estimation de marché;77820
906.0;77179;Féricy;77;commune;77179;625;;;;;;;;;;;;;;;;;;;;aucune source de comptage disponible (voir sources);HEURISTIQUE — moyenne de z-scores (communes IDF), pas une estimation de marché;77133
907.0;77252;Limoges-Fourches;77;commune;77252;625;;;;;;;;;;;;;;;;;;;;aucune source de comptage disponible (voir sources);HEURISTIQUE — moyenne de z-scores (communes IDF), pas une estimation de marché;77550
908.0;95627;Vallangoujard;95;commune;95627;625;;;;;;;;;;;;;;;;;;;;aucune source de comptage disponible (voir sources);HEURISTIQUE — moyenne de z-scores (communes IDF), pas une estimation de marché;95810
909.0;91093;Boullay-les-Troux;91;commune;91093;624;;;;;;;;;;;;;;;;;;;;aucune source de comptage disponible (voir sources);HEURISTIQUE — moyenne de z-scores (communes IDF), pas une estimation de marché;91470
910.0;77492;Verdelot;77;commune;77492;620;;;;;;;;;;;;;;;;;;;;aucune source de comptage disponible (voir sources);HEURISTIQUE — moyenne de z-scores (communes IDF), pas une estimation de marché;77510
911.0;77120;Cocherel;77;commune;77120;618;;;;;;;;;;;;;;;;;;;;aucune source de comptage disponible (voir sources);HEURISTIQUE — moyenne de z-scores (communes IDF), pas une estimation de marché;77440
912.0;77233;Iverny;77;commune;77233;618;;;;;;;;;;;;;;;;;;;;aucune source de comptage disponible (voir sources);HEURISTIQUE — moyenne de z-scores (communes IDF), pas une estimation de marché;77165
913.0;95023;Arronville;95;commune;95023;618;;;;;;;;;;;;;;;;;;;;aucune source de comptage disponible (voir sources);HEURISTIQUE — moyenne de z-scores (communes IDF), pas une estimation de marché;95810
914.0;77446;Savins;77;commune;77446;617;;;;;;;;;;;;;;;;;;;;aucune source de comptage disponible (voir sources);HEURISTIQUE — moyenne de z-scores (communes IDF), pas une estimation de marché;77650
915.0;91629;Valpuiseaux;91;commune;91629;617;;;;;;;;;;;;;;;;;;;;aucune source de comptage disponible (voir sources);HEURISTIQUE — moyenne de z-scores (communes IDF), pas une estimation de marché;91720
916.0;77448;Sept-Sorts;77;commune;77448;616;;;;;;;;;;;;;;;;;;;;aucune source de comptage disponible (voir sources);HEURISTIQUE — moyenne de z-scores (communes IDF), pas une estimation de marché;77260
917.0;78084;Boissy-sans-Avoir;78;commune;78084;616;;;;;;;;;;;;;;;;;;;;aucune source de comptage disponible (voir sources);HEURISTIQUE — moyenne de z-scores (communes IDF), pas une estimation de marché;78490
918.0;78082;Boissy-Mauvoisin;78;commune;78082;615;;;;;;;;;;;;;;;;;;;;aucune source de comptage disponible (voir sources);HEURISTIQUE — moyenne de z-scores (communes IDF), pas une estimation de marché;78200
919.0;78276;Gommecourt;78;commune;78276;613;;;;;;;;;;;;;;;;;;;;aucune source de comptage disponible (voir sources);HEURISTIQUE — moyenne de z-scores (communes IDF), pas une estimation de marché;78270
920.0;77145;Crisenoy;77;commune;77145;611;;;;;;;;;;;;;;;;;;;;aucune source de comptage disponible (voir sources);HEURISTIQUE — moyenne de z-scores (communes IDF), pas une estimation de marché;77390
921.0;77509;Villeneuve-les-Bordes;77;commune;77509;610;;;;;;;;;;;;;;;;;;;;aucune source de comptage disponible (voir sources);HEURISTIQUE — moyenne de z-scores (communes IDF), pas une estimation de marché;77154
922.0;78230;La Falaise;78;commune;78230;609;;;;;;;;;;;;;;;;;;;;aucune source de comptage disponible (voir sources);HEURISTIQUE — moyenne de z-scores (communes IDF), pas une estimation de marché;78410
923.0;95213;Épiais-Rhus;95;commune;95213;603;;;;;;;;;;;;;;;;;;;;aucune source de comptage disponible (voir sources);HEURISTIQUE — moyenne de z-scores (communes IDF), pas une estimation de marché;95810
924.0;95510;Puiseux-Pontoise;95;commune;95510;603;;;;;;;;;;;;;;;;;;;;aucune source de comptage disponible (voir sources);HEURISTIQUE — moyenne de z-scores (communes IDF), pas une estimation de marché;95650
925.0;77057;Bussières;77;commune;77057;600;;;;;;;;;;;;;;;;;;;;aucune source de comptage disponible (voir sources);HEURISTIQUE — moyenne de z-scores (communes IDF), pas une estimation de marché;77750
926.0;77365;Le Plessis-Feu-Aussoux;77;commune;77365;597;;;;;;;;;;;;;;;;;;;;aucune source de comptage disponible (voir sources);HEURISTIQUE — moyenne de z-scores (communes IDF), pas une estimation de marché;77540
927.0;78071;Boinville-le-Gaillard;78;commune;78071;597;;;;;;;;;;;;;;;;;;;;aucune source de comptage disponible (voir sources);HEURISTIQUE — moyenne de z-scores (communes IDF), pas une estimation de marché;78660
928.0;77511;Villeneuve-sous-Dammartin;77;commune;77511;595;;;;;;;;;;;;;;;;;;;;aucune source de comptage disponible (voir sources);HEURISTIQUE — moyenne de z-scores (communes IDF), pas une estimation de marché;77230
929.0;91671;Villeneuve-sur-Auvers;91;commune;91671;593;;;;;;;;;;;;;;;;;;;;aucune source de comptage disponible (voir sources);HEURISTIQUE — moyenne de z-scores (communes IDF), pas une estimation de marché;91580
930.0;77138;Courtomer;77;commune;77138;591;;;;;;;;;;;;;;;;;;;;aucune source de comptage disponible (voir sources);HEURISTIQUE — moyenne de z-scores (communes IDF), pas une estimation de marché;77390
931.0;77340;Nonville;77;commune;77340;591;;;;;;;;;;;;;;;;;;;;aucune source de comptage disponible (voir sources);HEURISTIQUE — moyenne de z-scores (communes IDF), pas une estimation de marché;77140
932.0;78415;Montainville;78;commune;78415;589;;;;;;;;;;;;;;;;;;;;aucune source de comptage disponible (voir sources);HEURISTIQUE — moyenne de z-scores (communes IDF), pas une estimation de marché;78124
933.0;95298;Haravilliers;95;commune;95298;589;;;;;;;;;;;;;;;;;;;;aucune source de comptage disponible (voir sources);HEURISTIQUE — moyenne de z-scores (communes IDF), pas une estimation de marché;95640
934.0;77184;Flagy;77;commune;77184;584;;;;;;;;;;;;;;;;;;;;aucune source de comptage disponible (voir sources);HEURISTIQUE — moyenne de z-scores (communes IDF), pas une estimation de marché;77940
935.0;95308;Hérouville-en-Vexin;95;commune;95308;584;;;;;;;;;;;;;;;;;;;;aucune source de comptage disponible (voir sources);HEURISTIQUE — moyenne de z-scores (communes IDF), pas une estimation de marché;95300
936.0;91435;Morsang-sur-Seine;91;commune;91435;583;;;;;;;;;;;;;;;;;;;;aucune source de comptage disponible (voir sources);HEURISTIQUE — moyenne de z-scores (communes IDF), pas une estimation de marché;91250
937.0;91654;Videlles;91;commune;91654;581;;;;;;;;;;;;;;;;;;;;aucune source de comptage disponible (voir sources);HEURISTIQUE — moyenne de z-scores (communes IDF), pas une estimation de marché;91890
938.0;77338;Noisy-Rudignon;77;commune;77338;580;;;;;;;;;;;;;;;;;;;;aucune source de comptage disponible (voir sources);HEURISTIQUE — moyenne de z-scores (communes IDF), pas une estimation de marché;77940
939.0;77527;Voinsles;77;commune;77527;580;;;;;;;;;;;;;;;;;;;;aucune source de comptage disponible (voir sources);HEURISTIQUE — moyenne de z-scores (communes IDF), pas une estimation de marché;77540
940.0;91482;Pecqueuse;91;commune;91482;580;;;;;;;;;;;;;;;;;;;;aucune source de comptage disponible (voir sources);HEURISTIQUE — moyenne de z-scores (communes IDF), pas une estimation de marché;91470
941.0;77427;Saint-Mesmes;77;commune;77427;579;;;;;;;;;;;;;;;;;;;;aucune source de comptage disponible (voir sources);HEURISTIQUE — moyenne de z-scores (communes IDF), pas une estimation de marché;77410
942.0;77129;Coulombs-en-Valois;77;commune;77129;576;;;;;;;;;;;;;;;;;;;;aucune source de comptage disponible (voir sources);HEURISTIQUE — moyenne de z-scores (communes IDF), pas une estimation de marché;77840
943.0;77187;Fontaine-Fourches;77;commune;77187;576;;;;;;;;;;;;;;;;;;;;aucune source de comptage disponible (voir sources);HEURISTIQUE — moyenne de z-scores (communes IDF), pas une estimation de marché;77480
944.0;78236;Flexanville;78;commune;78236;576;;;;;;;;;;;;;;;;;;;;aucune source de comptage disponible (voir sources);HEURISTIQUE — moyenne de z-scores (communes IDF), pas une estimation de marché;78910
945.0;77246;Léchelle;77;commune;77246;572;;;;;;;;;;;;;;;;;;;;aucune source de comptage disponible (voir sources);HEURISTIQUE — moyenne de z-scores (communes IDF), pas une estimation de marché;77171
946.0;78278;Goupillières;78;commune;78278;570;;;;;;;;;;;;;;;;;;;;aucune source de comptage disponible (voir sources);HEURISTIQUE — moyenne de z-scores (communes IDF), pas une estimation de marché;78770
947.0;77174;Everly;77;commune;77174;566;;;;;;;;;;;;;;;;;;;;aucune source de comptage disponible (voir sources);HEURISTIQUE — moyenne de z-scores (communes IDF), pas une estimation de marché;77157
948.0;91441;Nainville-les-Roches;91;commune;91441;564;;;;;;;;;;;;;;;;;;;;aucune source de comptage disponible (voir sources);HEURISTIQUE — moyenne de z-scores (communes IDF), pas une estimation de marché;91750
949.0;95170;Condécourt;95;commune;95170;564;;;;;;;;;;;;;;;;;;;;aucune source de comptage disponible (voir sources);HEURISTIQUE — moyenne de z-scores (communes IDF), pas une estimation de marché;95450
950.0;91186;Courson-Monteloup;91;commune;91186;563;;;;;;;;;;;;;;;;;;;;aucune source de comptage disponible (voir sources);HEURISTIQUE — moyenne de z-scores (communes IDF), pas une estimation de marché;91680
951.0;77223;Gurcy-le-Châtel;77;commune;77223;559;;;;;;;;;;;;;;;;;;;;aucune source de comptage disponible (voir sources);HEURISTIQUE — moyenne de z-scores (communes IDF), pas une estimation de marché;77520
952.0;77164;Échouboulains;77;commune;77164;555;;;;;;;;;;;;;;;;;;;;aucune source de comptage disponible (voir sources);HEURISTIQUE — moyenne de z-scores (communes IDF), pas une estimation de marché;77830
953.0;78202;Drocourt;78;commune;78202;554;;;;;;;;;;;;;;;;;;;;aucune source de comptage disponible (voir sources);HEURISTIQUE — moyenne de z-scores (communes IDF), pas une estimation de marché;78440
954.0;78324;Jouy-Mauvoisin;78;commune;78324;554;;;;;;;;;;;;;;;;;;;;aucune source de comptage disponible (voir sources);HEURISTIQUE — moyenne de z-scores (communes IDF), pas une estimation de marché;78200
955.0;78013;Andelu;78;commune;78013;550;;;;;;;;;;;;;;;;;;;;aucune source de comptage disponible (voir sources);HEURISTIQUE — moyenne de z-scores (communes IDF), pas une estimation de marché;78770
956.0;91079;Boissy-la-Rivière;91;commune;91079;550;;;;;;;;;;;;;;;;;;;;aucune source de comptage disponible (voir sources);HEURISTIQUE — moyenne de z-scores (communes IDF), pas une estimation de marché;91690
957.0;77411;Saint-Germain-sous-Doue;77;commune;77411;549;;;;;;;;;;;;;;;;;;;;aucune source de comptage disponible (voir sources);HEURISTIQUE — moyenne de z-scores (communes IDF), pas une estimation de marché;77169
958.0;95456;Noisy-sur-Oise;95;commune;95456;549;;;;;;;;;;;;;;;;;;;;aucune source de comptage disponible (voir sources);HEURISTIQUE — moyenne de z-scores (communes IDF), pas une estimation de marché;95270
959.0;77242;Jutigny;77;commune;77242;547;;;;;;;;;;;;;;;;;;;;aucune source de comptage disponible (voir sources);HEURISTIQUE — moyenne de z-scores (communes IDF), pas une estimation de marché;77650
960.0;77035;Blennes;77;commune;77035;546;;;;;;;;;;;;;;;;;;;;aucune source de comptage disponible (voir sources);HEURISTIQUE — moyenne de z-scores (communes IDF), pas une estimation de marché;77940
961.0;77130;Coulommes;77;commune;77130;542;;;;;;;;;;;;;;;;;;;;aucune source de comptage disponible (voir sources);HEURISTIQUE — moyenne de z-scores (communes IDF), pas une estimation de marché;77580
962.0;77073;Chalautre-la-Petite;77;commune;77073;541;;;;;;;;;;;;;;;;;;;;aucune source de comptage disponible (voir sources);HEURISTIQUE — moyenne de z-scores (communes IDF), pas une estimation de marché;77160
963.0;78162;Choisel;78;commune;78162;540;;;;;;;;;;;;;;;;;;;;aucune source de comptage disponible (voir sources);HEURISTIQUE — moyenne de z-scores (communes IDF), pas une estimation de marché;78460
964.0;78053;Béhoust;78;commune;78053;533;;;;;;;;;;;;;;;;;;;;aucune source de comptage disponible (voir sources);HEURISTIQUE — moyenne de z-scores (communes IDF), pas une estimation de marché;78910
965.0;78285;Gressey;78;commune;78285;533;;;;;;;;;;;;;;;;;;;;aucune source de comptage disponible (voir sources);HEURISTIQUE — moyenne de z-scores (communes IDF), pas une estimation de marché;78550
966.0;78618;Tilly;78;commune;78618;530;;;;;;;;;;;;;;;;;;;;aucune source de comptage disponible (voir sources);HEURISTIQUE — moyenne de z-scores (communes IDF), pas une estimation de marché;78790
967.0;77429;Saint-Ouen-sur-Morin;77;commune;77429;529;;;;;;;;;;;;;;;;;;;;aucune source de comptage disponible (voir sources);HEURISTIQUE — moyenne de z-scores (communes IDF), pas une estimation de marché;77750
968.0;91121;Buno-Bonnevaux;91;commune;91121;527;;;;;;;;;;;;;;;;;;;;aucune source de comptage disponible (voir sources);HEURISTIQUE — moyenne de z-scores (communes IDF), pas une estimation de marché;91720
969.0;77050;Bransles;77;commune;77050;526;;;;;;;;;;;;;;;;;;;;aucune source de comptage disponible (voir sources);HEURISTIQUE — moyenne de z-scores (communes IDF), pas une estimation de marché;77620
970.0;95254;Frémécourt;95;commune;95254;526;;;;;;;;;;;;;;;;;;;;aucune source de comptage disponible (voir sources);HEURISTIQUE — moyenne de z-scores (communes IDF), pas une estimation de marché;95830
971.0;77178;Faÿ-lès-Nemours;77;commune;77178;524;;;;;;;;;;;;;;;;;;;;aucune source de comptage disponible (voir sources);HEURISTIQUE — moyenne de z-scores (communes IDF), pas une estimation de marché;77167
972.0;78677;Villette;78;commune;78677;524;;;;;;;;;;;;;;;;;;;;aucune source de comptage disponible (voir sources);HEURISTIQUE — moyenne de z-scores (communes IDF), pas une estimation de marché;78930
973.0;77408;Saint-Fiacre;77;commune;77408;523;;;;;;;;;;;;;;;;;;;;aucune source de comptage disponible (voir sources);HEURISTIQUE — moyenne de z-scores (communes IDF), pas une estimation de marché;77470
974.0;95270;Genainville;95;commune;95270;522;;;;;;;;;;;;;;;;;;;;aucune source de comptage disponible (voir sources);HEURISTIQUE — moyenne de z-scores (communes IDF), pas une estimation de marché;95420
975.0;95271;Génicourt;95;commune;95271;514;;;;;;;;;;;;;;;;;;;;aucune source de comptage disponible (voir sources);HEURISTIQUE — moyenne de z-scores (communes IDF), pas une estimation de marché;95650
976.0;77524;Vimpelles;77;commune;77524;512;;;;;;;;;;;;;;;;;;;;aucune source de comptage disponible (voir sources);HEURISTIQUE — moyenne de z-scores (communes IDF), pas une estimation de marché;77520
977.0;78590;Senlisse;78;commune;78590;511;;;;;;;;;;;;;;;;;;;;aucune source de comptage disponible (voir sources);HEURISTIQUE — moyenne de z-scores (communes IDF), pas une estimation de marché;78720
978.0;95253;Frémainville;95;commune;95253;507;;;;;;;;;;;;;;;;;;;;aucune source de comptage disponible (voir sources);HEURISTIQUE — moyenne de z-scores (communes IDF), pas une estimation de marché;95450
979.0;78096;Bourdonné;78;commune;78096;506;;;;;;;;;;;;;;;;;;;;aucune source de comptage disponible (voir sources);HEURISTIQUE — moyenne de z-scores (communes IDF), pas une estimation de marché;78113
980.0;77287;Meilleray;77;commune;77287;504;;;;;;;;;;;;;;;;;;;;aucune source de comptage disponible (voir sources);HEURISTIQUE — moyenne de z-scores (communes IDF), pas une estimation de marché;77320
981.0;95483;Le Perchay;95;commune;95483;504;;;;;;;;;;;;;;;;;;;;aucune source de comptage disponible (voir sources);HEURISTIQUE — moyenne de z-scores (communes IDF), pas une estimation de marché;95450
982.0;91602;Souzy-la-Briche;91;commune;91602;503;;;;;;;;;;;;;;;;;;;;aucune source de comptage disponible (voir sources);HEURISTIQUE — moyenne de z-scores (communes IDF), pas une estimation de marché;91580
983.0;77368;Poigny;77;commune;77368;501;;;;;;;;;;;;;;;;;;;;aucune source de comptage disponible (voir sources);HEURISTIQUE — moyenne de z-scores (communes IDF), pas une estimation de marché;77160
984.0;77306;Montereau-sur-le-Jard;77;commune;77306;499;;;;;;;;;;;;;;;;;;;;aucune source de comptage disponible (voir sources);HEURISTIQUE — moyenne de z-scores (communes IDF), pas une estimation de marché;77950
985.0;77115;Chevry-en-Sereine;77;commune;77115;498;;;;;;;;;;;;;;;;;;;;aucune source de comptage disponible (voir sources);HEURISTIQUE — moyenne de z-scores (communes IDF), pas une estimation de marché;77710
986.0;95676;Villers-en-Arthies;95;commune;95676;498;;;;;;;;;;;;;;;;;;;;aucune source de comptage disponible (voir sources);HEURISTIQUE — moyenne de z-scores (communes IDF), pas une estimation de marché;95510
987.0;77391;Rouilly;77;commune;77391;496;;;;;;;;;;;;;;;;;;;;aucune source de comptage disponible (voir sources);HEURISTIQUE — moyenne de z-scores (communes IDF), pas une estimation de marché;77160
988.0;78349;Longvilliers;78;commune;78349;496;;;;;;;;;;;;;;;;;;;;aucune source de comptage disponible (voir sources);HEURISTIQUE — moyenne de z-scores (communes IDF), pas une estimation de marché;78730
989.0;95348;Longuesse;95;commune;95348;496;;;;;;;;;;;;;;;;;;;;aucune source de comptage disponible (voir sources);HEURISTIQUE — moyenne de z-scores (communes IDF), pas une estimation de marché;95450
990.0;77281;Mauperthuis;77;commune;77281;495;;;;;;;;;;;;;;;;;;;;aucune source de comptage disponible (voir sources);HEURISTIQUE — moyenne de z-scores (communes IDF), pas une estimation de marché;77120
991.0;91247;La Forêt-le-Roi;91;commune;91247;492;;;;;;;;;;;;;;;;;;;;aucune source de comptage disponible (voir sources);HEURISTIQUE — moyenne de z-scores (communes IDF), pas une estimation de marché;91410
992.0;77262;Louan-Villegruis-Fontaine;77;commune;77262;491;;;;;;;;;;;;;;;;;;;;aucune source de comptage disponible (voir sources);HEURISTIQUE — moyenne de z-scores (communes IDF), pas une estimation de marché;77560
993.0;77274;Marcilly;77;commune;77274;489;;;;;;;;;;;;;;;;;;;;aucune source de comptage disponible (voir sources);HEURISTIQUE — moyenne de z-scores (communes IDF), pas une estimation de marché;77139
994.0;77353;Paley;77;commune;77353;483;;;;;;;;;;;;;;;;;;;;aucune source de comptage disponible (voir sources);HEURISTIQUE — moyenne de z-scores (communes IDF), pas une estimation de marché;77710
995.0;77011;Aufferville;77;commune;77011;482;;;;;;;;;;;;;;;;;;;;aucune source de comptage disponible (voir sources);HEURISTIQUE — moyenne de z-scores (communes IDF), pas une estimation de marché;77570
996.0;77361;Pierre-Levée;77;commune;77361;480;;;;;;;;;;;;;;;;;;;;aucune source de comptage disponible (voir sources);HEURISTIQUE — moyenne de z-scores (communes IDF), pas une estimation de marché;77580
997.0;77150;Cuisy;77;commune;77150;476;;;;;;;;;;;;;;;;;;;;aucune source de comptage disponible (voir sources);HEURISTIQUE — moyenne de z-scores (communes IDF), pas une estimation de marché;77165
998.0;95166;Cléry-en-Vexin;95;commune;95166;476;;;;;;;;;;;;;;;;;;;;aucune source de comptage disponible (voir sources);HEURISTIQUE — moyenne de z-scores (communes IDF), pas une estimation de marché;95420
999.0;77414;Saint-Hilliers;77;commune;77414;474;;;;;;;;;;;;;;;;;;;;aucune source de comptage disponible (voir sources);HEURISTIQUE — moyenne de z-scores (communes IDF), pas une estimation de marché;77160
1000.0;95055;Bellefontaine;95;commune;95055;474;;;;;;;;;;;;;;;;;;;;aucune source de comptage disponible (voir sources);HEURISTIQUE — moyenne de z-scores (communes IDF), pas une estimation de marché;95270
1001.0;91560;Saint-Jean-de-Beauregard;91;commune;91560;471;;;;;;;;;;;;;;;;;;;;aucune source de comptage disponible (voir sources);HEURISTIQUE — moyenne de z-scores (communes IDF), pas une estimation de marché;91940
1002.0;91544;Saint-Cyr-la-Rivière;91;commune;91544;466;;;;;;;;;;;;;;;;;;;;aucune source de comptage disponible (voir sources);HEURISTIQUE — moyenne de z-scores (communes IDF), pas une estimation de marché;91690
1003.0;77247;Lescherolles;77;commune;77247;464;;;;;;;;;;;;;;;;;;;;aucune source de comptage disponible (voir sources);HEURISTIQUE — moyenne de z-scores (communes IDF), pas une estimation de marché;77320
1004.0;77062;Carnetin;77;commune;77062;461;;;;;;;;;;;;;;;;;;;;aucune source de comptage disponible (voir sources);HEURISTIQUE — moyenne de z-scores (communes IDF), pas une estimation de marché;77400
1005.0;78245;Fontenay-Mauvoisin;78;commune;78245;460;;;;;;;;;;;;;;;;;;;;aucune source de comptage disponible (voir sources);HEURISTIQUE — moyenne de z-scores (communes IDF), pas une estimation de marché;78200
1006.0;77091;Les Chapelles-Bourbon;77;commune;77091;459;;;;;;;;;;;;;;;;;;;;aucune source de comptage disponible (voir sources);HEURISTIQUE — moyenne de z-scores (communes IDF), pas une estimation de marché;77610
1007.0;77472;La Trétoire;77;commune;77472;459;;;;;;;;;;;;;;;;;;;;aucune source de comptage disponible (voir sources);HEURISTIQUE — moyenne de z-scores (communes IDF), pas une estimation de marché;77510
1008.0;77473;Treuzy-Levelay;77;commune;77473;458;;;;;;;;;;;;;;;;;;;;aucune source de comptage disponible (voir sources);HEURISTIQUE — moyenne de z-scores (communes IDF), pas une estimation de marché;77710
1009.0;77298;Mons-en-Montois;77;commune;77298;454;;;;;;;;;;;;;;;;;;;;aucune source de comptage disponible (voir sources);HEURISTIQUE — moyenne de z-scores (communes IDF), pas une estimation de marché;77520
1010.0;91547;Saint-Escobille;91;commune;91547;454;;;;;;;;;;;;;;;;;;;;aucune source de comptage disponible (voir sources);HEURISTIQUE — moyenne de z-scores (communes IDF), pas une estimation de marché;91410
1011.0;77507;Villenauxe-la-Petite;77;commune;77507;453;;;;;;;;;;;;;;;;;;;;aucune source de comptage disponible (voir sources);HEURISTIQUE — moyenne de z-scores (communes IDF), pas une estimation de marché;77480
1012.0;77500;Villebéon;77;commune;77500;452;;;;;;;;;;;;;;;;;;;;aucune source de comptage disponible (voir sources);HEURISTIQUE — moyenne de z-scores (communes IDF), pas une estimation de marché;77710
1013.0;77387;Remauville;77;commune;77387;449;;;;;;;;;;;;;;;;;;;;aucune source de comptage disponible (voir sources);HEURISTIQUE — moyenne de z-scores (communes IDF), pas une estimation de marché;77710
1014.0;78559;Saint-Illiers-le-Bois;78;commune;78559;449;;;;;;;;;;;;;;;;;;;;aucune source de comptage disponible (voir sources);HEURISTIQUE — moyenne de z-scores (communes IDF), pas une estimation de marché;78980
1015.0;78561;Saint-Lambert;78;commune;78561;447;;;;;;;;;;;;;;;;;;;;aucune source de comptage disponible (voir sources);HEURISTIQUE — moyenne de z-scores (communes IDF), pas une estimation de marché;78470
1016.0;77194;Forges;77;commune;77194;443;;;;;;;;;;;;;;;;;;;;aucune source de comptage disponible (voir sources);HEURISTIQUE — moyenne de z-scores (communes IDF), pas une estimation de marché;77130
1017.0;78147;Chaufour-lès-Bonnières;78;commune;78147;442;;;;;;;;;;;;;;;;;;;;aucune source de comptage disponible (voir sources);HEURISTIQUE — moyenne de z-scores (communes IDF), pas une estimation de marché;78270
1018.0;78188;Cravent;78;commune;78188;438;;;;;;;;;;;;;;;;;;;;aucune source de comptage disponible (voir sources);HEURISTIQUE — moyenne de z-scores (communes IDF), pas une estimation de marché;78270
1019.0;77038;Boissettes;77;commune;77038;437;;;;;;;;;;;;;;;;;;;;aucune source de comptage disponible (voir sources);HEURISTIQUE — moyenne de z-scores (communes IDF), pas une estimation de marché;77350
1020.0;77144;Crèvecœur-en-Brie;77;commune;77144;437;;;;;;;;;;;;;;;;;;;;aucune source de comptage disponible (voir sources);HEURISTIQUE — moyenne de z-scores (communes IDF), pas une estimation de marché;77610
1021.0;78548;Saint-Forget;78;commune;78548;436;;;;;;;;;;;;;;;;;;;;aucune source de comptage disponible (voir sources);HEURISTIQUE — moyenne de z-scores (communes IDF), pas une estimation de marché;78720
1022.0;95061;Béthemont-la-Forêt;95;commune;95061;435;;;;;;;;;;;;;;;;;;;;aucune source de comptage disponible (voir sources);HEURISTIQUE — moyenne de z-scores (communes IDF), pas une estimation de marché;95840
1023.0;95102;Bréançon;95;commune;95102;432;;;;;;;;;;;;;;;;;;;;aucune source de comptage disponible (voir sources);HEURISTIQUE — moyenne de z-scores (communes IDF), pas une estimation de marché;95640
1024.0;91098;Boutervilliers;91;commune;91098;429;;;;;;;;;;;;;;;;;;;;aucune source de comptage disponible (voir sources);HEURISTIQUE — moyenne de z-scores (communes IDF), pas une estimation de marché;91150
1025.0;77466;Tigeaux;77;commune;77466;421;;;;;;;;;;;;;;;;;;;;aucune source de comptage disponible (voir sources);HEURISTIQUE — moyenne de z-scores (communes IDF), pas une estimation de marché;77163
1026.0;78366;Mareil-le-Guyon;78;commune;78366;420;;;;;;;;;;;;;;;;;;;;aucune source de comptage disponible (voir sources);HEURISTIQUE — moyenne de z-scores (communes IDF), pas une estimation de marché;78490
1027.0;78300;Hargeville;78;commune;78300;418;;;;;;;;;;;;;;;;;;;;aucune source de comptage disponible (voir sources);HEURISTIQUE — moyenne de z-scores (communes IDF), pas une estimation de marché;78790
1028.0;77328;Nanteau-sur-Essonne;77;commune;77328;414;;;;;;;;;;;;;;;;;;;;aucune source de comptage disponible (voir sources);HEURISTIQUE — moyenne de z-scores (communes IDF), pas une estimation de marché;77760
1029.0;78185;Courgent;78;commune;78185;414;;;;;;;;;;;;;;;;;;;;aucune source de comptage disponible (voir sources);HEURISTIQUE — moyenne de z-scores (communes IDF), pas une estimation de marché;78790
1030.0;78475;Osmoy;78;commune;78475;413;;;;;;;;;;;;;;;;;;;;aucune source de comptage disponible (voir sources);HEURISTIQUE — moyenne de z-scores (communes IDF), pas une estimation de marché;78910
1031.0;77245;Laval-en-Brie;77;commune;77245;412;;;;;;;;;;;;;;;;;;;;aucune source de comptage disponible (voir sources);HEURISTIQUE — moyenne de z-scores (communes IDF), pas une estimation de marché;77148
1032.0;77278;Marolles-en-Brie;77;commune;77278;412;;;;;;;;;;;;;;;;;;;;aucune source de comptage disponible (voir sources);HEURISTIQUE — moyenne de z-scores (communes IDF), pas une estimation de marché;77120
1033.0;77360;Pézarches;77;commune;77360;410;;;;;;;;;;;;;;;;;;;;aucune source de comptage disponible (voir sources);HEURISTIQUE — moyenne de z-scores (communes IDF), pas une estimation de marché;77131
1034.0;78505;Prunay-le-Temple;78;commune;78505;409;;;;;;;;;;;;;;;;;;;;aucune source de comptage disponible (voir sources);HEURISTIQUE — moyenne de z-scores (communes IDF), pas une estimation de marché;78910
1035.0;77331;Nanteuil-sur-Marne;77;commune;77331;406;;;;;;;;;;;;;;;;;;;;aucune source de comptage disponible (voir sources);HEURISTIQUE — moyenne de z-scores (communes IDF), pas une estimation de marché;77730
1036.0;77443;Sancy;77;commune;77443;401;;;;;;;;;;;;;;;;;;;;aucune source de comptage disponible (voir sources);HEURISTIQUE — moyenne de z-scores (communes IDF), pas une estimation de marché;77580
1037.0;91556;Saint-Hilaire;91;commune;91556;401;;;;;;;;;;;;;;;;;;;;aucune source de comptage disponible (voir sources);HEURISTIQUE — moyenne de z-scores (communes IDF), pas une estimation de marché;91780
1038.0;77093;La Chapelle-Moutils;77;commune;77093;400;;;;;;;;;;;;;;;;;;;;aucune source de comptage disponible (voir sources);HEURISTIQUE — moyenne de z-scores (communes IDF), pas une estimation de marché;77320
1039.0;95523;La Roche-Guyon;95;commune;95523;399;;;;;;;;;;;;;;;;;;;;aucune source de comptage disponible (voir sources);HEURISTIQUE — moyenne de z-scores (communes IDF), pas une estimation de marché;95780
1040.0;77163;Douy-la-Ramée;77;commune;77163;395;;;;;;;;;;;;;;;;;;;;aucune source de comptage disponible (voir sources);HEURISTIQUE — moyenne de z-scores (communes IDF), pas une estimation de marché;77139
1041.0;78653;Vicq;78;commune;78653;389;;;;;;;;;;;;;;;;;;;;aucune source de comptage disponible (voir sources);HEURISTIQUE — moyenne de z-scores (communes IDF), pas une estimation de marché;78490
1042.0;95341;Livilliers;95;commune;95341;389;;;;;;;;;;;;;;;;;;;;aucune source de comptage disponible (voir sources);HEURISTIQUE — moyenne de z-scores (communes IDF), pas une estimation de marché;95300
1043.0;95011;Ambleville;95;commune;95011;388;;;;;;;;;;;;;;;;;;;;aucune source de comptage disponible (voir sources);HEURISTIQUE — moyenne de z-scores (communes IDF), pas une estimation de marché;95420|95710
1044.0;77023;Barcy;77;commune;77023;387;;;;;;;;;;;;;;;;;;;;aucune source de comptage disponible (voir sources);HEURISTIQUE — moyenne de z-scores (communes IDF), pas une estimation de marché;77910
1045.0;78530;Rosay;78;commune;78530;387;;;;;;;;;;;;;;;;;;;;aucune source de comptage disponible (voir sources);HEURISTIQUE — moyenne de z-scores (communes IDF), pas une estimation de marché;78790
1046.0;91378;Mauchamps;91;commune;91378;387;;;;;;;;;;;;;;;;;;;;aucune source de comptage disponible (voir sources);HEURISTIQUE — moyenne de z-scores (communes IDF), pas une estimation de marché;91730
1047.0;77505;Villemareuil;77;commune;77505;386;;;;;;;;;;;;;;;;;;;;aucune source de comptage disponible (voir sources);HEURISTIQUE — moyenne de z-scores (communes IDF), pas une estimation de marché;77470
1048.0;91519;Richarville;91;commune;91519;386;;;;;;;;;;;;;;;;;;;;aucune source de comptage disponible (voir sources);HEURISTIQUE — moyenne de z-scores (communes IDF), pas une estimation de marché;91410
1049.0;77026;Beauchery-Saint-Martin;77;commune;77026;384;;;;;;;;;;;;;;;;;;;;aucune source de comptage disponible (voir sources);HEURISTIQUE — moyenne de z-scores (communes IDF), pas une estimation de marché;77560
1050.0;77052;Bréau;77;commune;77052;384;;;;;;;;;;;;;;;;;;;;aucune source de comptage disponible (voir sources);HEURISTIQUE — moyenne de z-scores (communes IDF), pas une estimation de marché;77720
1051.0;78391;Méricourt;78;commune;78391;383;;;;;;;;;;;;;;;;;;;;aucune source de comptage disponible (voir sources);HEURISTIQUE — moyenne de z-scores (communes IDF), pas une estimation de marché;78270
1052.0;77525;Vinantes;77;commune;77525;381;;;;;;;;;;;;;;;;;;;;aucune source de comptage disponible (voir sources);HEURISTIQUE — moyenne de z-scores (communes IDF), pas une estimation de marché;77230
1053.0;78413;Mondreville;78;commune;78413;381;;;;;;;;;;;;;;;;;;;;aucune source de comptage disponible (voir sources);HEURISTIQUE — moyenne de z-scores (communes IDF), pas une estimation de marché;78980
1054.0;95656;Vienne-en-Arthies;95;commune;95656;379;;;;;;;;;;;;;;;;;;;;aucune source de comptage disponible (voir sources);HEURISTIQUE — moyenne de z-scores (communes IDF), pas une estimation de marché;95510
1055.0;77343;Ocquerre;77;commune;77343;378;;;;;;;;;;;;;;;;;;;;aucune source de comptage disponible (voir sources);HEURISTIQUE — moyenne de z-scores (communes IDF), pas une estimation de marché;77440
1056.0;95429;Montreuil-sur-Epte;95;commune;95429;377;;;;;;;;;;;;;;;;;;;;aucune source de comptage disponible (voir sources);HEURISTIQUE — moyenne de z-scores (communes IDF), pas une estimation de marché;95770
1057.0;91414;Monnerville;91;commune;91414;376;;;;;;;;;;;;;;;;;;;;aucune source de comptage disponible (voir sources);HEURISTIQUE — moyenne de z-scores (communes IDF), pas une estimation de marché;91930
1058.0;77024;Bassevelle;77;commune;77024;374;;;;;;;;;;;;;;;;;;;;aucune source de comptage disponible (voir sources);HEURISTIQUE — moyenne de z-scores (communes IDF), pas une estimation de marché;77750
1059.0;95059;Berville;95;commune;95059;374;;;;;;;;;;;;;;;;;;;;aucune source de comptage disponible (voir sources);HEURISTIQUE — moyenne de z-scores (communes IDF), pas une estimation de marché;95810
1060.0;78163;Civry-la-Forêt;78;commune;78163;373;;;;;;;;;;;;;;;;;;;;aucune source de comptage disponible (voir sources);HEURISTIQUE — moyenne de z-scores (communes IDF), pas une estimation de marché;78910
1061.0;91131;Chalou-Moulineux;91;commune;91131;373;;;;;;;;;;;;;;;;;;;;aucune source de comptage disponible (voir sources);HEURISTIQUE — moyenne de z-scores (communes IDF), pas une estimation de marché;91740
1062.0;77454;Sognolles-en-Montois;77;commune;77454;371;;;;;;;;;;;;;;;;;;;;aucune source de comptage disponible (voir sources);HEURISTIQUE — moyenne de z-scores (communes IDF), pas une estimation de marché;77520
1063.0;77341;Noyen-sur-Seine;77;commune;77341;369;;;;;;;;;;;;;;;;;;;;aucune source de comptage disponible (voir sources);HEURISTIQUE — moyenne de z-scores (communes IDF), pas une estimation de marché;77114
1064.0;91069;Boigneville;91;commune;91069;369;;;;;;;;;;;;;;;;;;;;aucune source de comptage disponible (voir sources);HEURISTIQUE — moyenne de z-scores (communes IDF), pas une estimation de marché;91720
1065.0;91035;Authon-la-Plaine;91;commune;91035;368;;;;;;;;;;;;;;;;;;;;aucune source de comptage disponible (voir sources);HEURISTIQUE — moyenne de z-scores (communes IDF), pas une estimation de marché;91410
1066.0;77412;Saint-Germain-sur-École;77;commune;77412;365;;;;;;;;;;;;;;;;;;;;aucune source de comptage disponible (voir sources);HEURISTIQUE — moyenne de z-scores (communes IDF), pas une estimation de marché;77930
1067.0;77098;Châteaubleau;77;commune;77098;363;;;;;;;;;;;;;;;;;;;;aucune source de comptage disponible (voir sources);HEURISTIQUE — moyenne de z-scores (communes IDF), pas une estimation de marché;77370
1068.0;77013;Aulnoy;77;commune;77013;362;;;;;;;;;;;;;;;;;;;;aucune source de comptage disponible (voir sources);HEURISTIQUE — moyenne de z-scores (communes IDF), pas une estimation de marché;77120
1069.0;77007;Argentières;77;commune;77007;361;;;;;;;;;;;;;;;;;;;;aucune source de comptage disponible (voir sources);HEURISTIQUE — moyenne de z-scores (communes IDF), pas une estimation de marché;77390
1070.0;95422;Montgeroult;95;commune;95422;361;;;;;;;;;;;;;;;;;;;;aucune source de comptage disponible (voir sources);HEURISTIQUE — moyenne de z-scores (communes IDF), pas une estimation de marché;95650
1071.0;77019;Balloy;77;commune;77019;359;;;;;;;;;;;;;;;;;;;;aucune source de comptage disponible (voir sources);HEURISTIQUE — moyenne de z-scores (communes IDF), pas une estimation de marché;77118
1072.0;91137;Champmotteux;91;commune;91137;356;;;;;;;;;;;;;;;;;;;;aucune source de comptage disponible (voir sources);HEURISTIQUE — moyenne de z-scores (communes IDF), pas une estimation de marché;91150
1073.0;78536;Sailly;78;commune;78536;354;;;;;;;;;;;;;;;;;;;;aucune source de comptage disponible (voir sources);HEURISTIQUE — moyenne de z-scores (communes IDF), pas une estimation de marché;78440
1074.0;77325;Mouy-sur-Seine;77;commune;77325;353;;;;;;;;;;;;;;;;;;;;aucune source de comptage disponible (voir sources);HEURISTIQUE — moyenne de z-scores (communes IDF), pas une estimation de marché;77480
1075.0;77225;La Haute-Maison;77;commune;77225;352;;;;;;;;;;;;;;;;;;;;aucune source de comptage disponible (voir sources);HEURISTIQUE — moyenne de z-scores (communes IDF), pas une estimation de marché;77580
1076.0;77253;Lissy;77;commune;77253;352;;;;;;;;;;;;;;;;;;;;aucune source de comptage disponible (voir sources);HEURISTIQUE — moyenne de z-scores (communes IDF), pas une estimation de marché;77550
1077.0;77046;Boulancourt;77;commune;77046;350;;;;;;;;;;;;;;;;;;;;aucune source de comptage disponible (voir sources);HEURISTIQUE — moyenne de z-scores (communes IDF), pas une estimation de marché;77760
1078.0;77434;Saint-Sauveur-lès-Bray;77;commune;77434;350;;;;;;;;;;;;;;;;;;;;aucune source de comptage disponible (voir sources);HEURISTIQUE — moyenne de z-scores (communes IDF), pas une estimation de marché;77480
1079.0;78558;Saint-Illiers-la-Ville;78;commune;78558;350;;;;;;;;;;;;;;;;;;;;aucune source de comptage disponible (voir sources);HEURISTIQUE — moyenne de z-scores (communes IDF), pas une estimation de marché;78980
1080.0;77003;Amponville;77;commune;77003;349;;;;;;;;;;;;;;;;;;;;aucune source de comptage disponible (voir sources);HEURISTIQUE — moyenne de z-scores (communes IDF), pas une estimation de marché;77760
1081.0;91180;Courances;91;commune;91180;348;;;;;;;;;;;;;;;;;;;;aucune source de comptage disponible (voir sources);HEURISTIQUE — moyenne de z-scores (communes IDF), pas une estimation de marché;91490
1082.0;77267;La Madeleine-sur-Loing;77;commune;77267;347;;;;;;;;;;;;;;;;;;;;aucune source de comptage disponible (voir sources);HEURISTIQUE — moyenne de z-scores (communes IDF), pas une estimation de marché;77570
1083.0;95258;Frouville;95;commune;95258;347;;;;;;;;;;;;;;;;;;;;aucune source de comptage disponible (voir sources);HEURISTIQUE — moyenne de z-scores (communes IDF), pas une estimation de marché;95690
1084.0;78528;Rolleboise;78;commune;78528;346;;;;;;;;;;;;;;;;;;;;aucune source de comptage disponible (voir sources);HEURISTIQUE — moyenne de z-scores (communes IDF), pas une estimation de marché;78270
1085.0;77289;Melz-sur-Seine;77;commune;77289;345;;;;;;;;;;;;;;;;;;;;aucune source de comptage disponible (voir sources);HEURISTIQUE — moyenne de z-scores (communes IDF), pas une estimation de marché;77171
1086.0;77236;Jaulnes;77;commune;77236;344;;;;;;;;;;;;;;;;;;;;aucune source de comptage disponible (voir sources);HEURISTIQUE — moyenne de z-scores (communes IDF), pas une estimation de marché;77480
1087.0;77282;Mauregard;77;commune;77282;341;;;;;;;;;;;;;;;;;;;;aucune source de comptage disponible (voir sources);HEURISTIQUE — moyenne de z-scores (communes IDF), pas une estimation de marché;77990
1088.0;77460;Tancrou;77;commune;77460;340;;;;;;;;;;;;;;;;;;;;aucune source de comptage disponible (voir sources);HEURISTIQUE — moyenne de z-scores (communes IDF), pas une estimation de marché;77440
1089.0;77444;Sancy-lès-Provins;77;commune;77444;339;;;;;;;;;;;;;;;;;;;;aucune source de comptage disponible (voir sources);HEURISTIQUE — moyenne de z-scores (communes IDF), pas une estimation de marché;77320
1090.0;77004;Andrezel;77;commune;77004;336;;;;;;;;;;;;;;;;;;;;aucune source de comptage disponible (voir sources);HEURISTIQUE — moyenne de z-scores (communes IDF), pas une estimation de marché;77390
1091.0;77402;Saint-Barthélemy;77;commune;77402;335;;;;;;;;;;;;;;;;;;;;aucune source de comptage disponible (voir sources);HEURISTIQUE — moyenne de z-scores (communes IDF), pas une estimation de marché;77320
1092.0;77157;Dhuisy;77;commune;77157;334;;;;;;;;;;;;;;;;;;;;aucune source de comptage disponible (voir sources);HEURISTIQUE — moyenne de z-scores (communes IDF), pas une estimation de marché;77440
1093.0;77297;Mondreville;77;commune;77297;334;;;;;;;;;;;;;;;;;;;;aucune source de comptage disponible (voir sources);HEURISTIQUE — moyenne de z-scores (communes IDF), pas une estimation de marché;77570
1094.0;77426;Saint-Méry;77;commune;77426;334;;;;;;;;;;;;;;;;;;;;aucune source de comptage disponible (voir sources);HEURISTIQUE — moyenne de z-scores (communes IDF), pas une estimation de marché;77720
1095.0;77471;Tousson;77;commune;77471;334;;;;;;;;;;;;;;;;;;;;aucune source de comptage disponible (voir sources);HEURISTIQUE — moyenne de z-scores (communes IDF), pas une estimation de marché;77123
1096.0;91037;Auvernaux;91;commune;91037;332;;;;;;;;;;;;;;;;;;;;aucune source de comptage disponible (voir sources);HEURISTIQUE — moyenne de z-scores (communes IDF), pas une estimation de marché;91830
1097.0;95119;Buhy;95;commune;95119;329;;;;;;;;;;;;;;;;;;;;aucune source de comptage disponible (voir sources);HEURISTIQUE — moyenne de z-scores (communes IDF), pas une estimation de marché;95770
1098.0;95462;Omerville;95;commune;95462;327;;;;;;;;;;;;;;;;;;;;aucune source de comptage disponible (voir sources);HEURISTIQUE — moyenne de z-scores (communes IDF), pas une estimation de marché;95420
1099.0;95690;Wy-dit-Joli-Village;95;commune;95690;326;;;;;;;;;;;;;;;;;;;;aucune source de comptage disponible (voir sources);HEURISTIQUE — moyenne de z-scores (communes IDF), pas une estimation de marché;95420
1100.0;78472;Orsonville;78;commune;78472;325;;;;;;;;;;;;;;;;;;;;aucune source de comptage disponible (voir sources);HEURISTIQUE — moyenne de z-scores (communes IDF), pas une estimation de marché;78660
1101.0;91495;Plessis-Saint-Benoist;91;commune;91495;325;;;;;;;;;;;;;;;;;;;;aucune source de comptage disponible (voir sources);HEURISTIQUE — moyenne de z-scores (communes IDF), pas une estimation de marché;91410
1102.0;91507;Prunay-sur-Essonne;91;commune;91507;324;;;;;;;;;;;;;;;;;;;;aucune source de comptage disponible (voir sources);HEURISTIQUE — moyenne de z-scores (communes IDF), pas une estimation de marché;91720
1103.0;77043;Boitron;77;commune;77043;322;;;;;;;;;;;;;;;;;;;;aucune source de comptage disponible (voir sources);HEURISTIQUE — moyenne de z-scores (communes IDF), pas une estimation de marché;77750
1104.0;77235;Jaignes;77;commune;77235;322;;;;;;;;;;;;;;;;;;;;aucune source de comptage disponible (voir sources);HEURISTIQUE — moyenne de z-scores (communes IDF), pas une estimation de marché;77440
1105.0;77498;Vignely;77;commune;77498;322;;;;;;;;;;;;;;;;;;;;aucune source de comptage disponible (voir sources);HEURISTIQUE — moyenne de z-scores (communes IDF), pas une estimation de marché;77450
1106.0;78416;Montalet-le-Bois;78;commune;78416;322;;;;;;;;;;;;;;;;;;;;aucune source de comptage disponible (voir sources);HEURISTIQUE — moyenne de z-scores (communes IDF), pas une estimation de marché;78440
1107.0;91001;Abbéville-la-Rivière;91;commune;91001;322;;;;;;;;;;;;;;;;;;;;aucune source de comptage disponible (voir sources);HEURISTIQUE — moyenne de z-scores (communes IDF), pas une estimation de marché;91150
1108.0;77301;Montceaux-lès-Provins;77;commune;77301;320;;;;;;;;;;;;;;;;;;;;aucune source de comptage disponible (voir sources);HEURISTIQUE — moyenne de z-scores (communes IDF), pas une estimation de marché;77151
1109.0;95139;La Chapelle-en-Vexin;95;commune;95139;320;;;;;;;;;;;;;;;;;;;;aucune source de comptage disponible (voir sources);HEURISTIQUE — moyenne de z-scores (communes IDF), pas une estimation de marché;95420
1110.0;77380;Puisieux;77;commune;77380;317;;;;;;;;;;;;;;;;;;;;aucune source de comptage disponible (voir sources);HEURISTIQUE — moyenne de z-scores (communes IDF), pas une estimation de marché;77139
1111.0;95094;Bouqueval;95;commune;95094;314;;;;;;;;;;;;;;;;;;;;aucune source de comptage disponible (voir sources);HEURISTIQUE — moyenne de z-scores (communes IDF), pas une estimation de marché;95720
1112.0;77167;Égligny;77;commune;77167;310;;;;;;;;;;;;;;;;;;;;aucune source de comptage disponible (voir sources);HEURISTIQUE — moyenne de z-scores (communes IDF), pas une estimation de marché;77126
1113.0;95181;Courcelles-sur-Viosne;95;commune;95181;310;;;;;;;;;;;;;;;;;;;;aucune source de comptage disponible (voir sources);HEURISTIQUE — moyenne de z-scores (communes IDF), pas une estimation de marché;95650
1114.0;77151;Dagny;77;commune;77151;305;;;;;;;;;;;;;;;;;;;;aucune source de comptage disponible (voir sources);HEURISTIQUE — moyenne de z-scores (communes IDF), pas une estimation de marché;77320
1115.0;77367;Le Plessis-Placy;77;commune;77367;305;;;;;;;;;;;;;;;;;;;;aucune source de comptage disponible (voir sources);HEURISTIQUE — moyenne de z-scores (communes IDF), pas une estimation de marché;77440
1116.0;77097;Chartronges;77;commune;77097;304;;;;;;;;;;;;;;;;;;;;aucune source de comptage disponible (voir sources);HEURISTIQUE — moyenne de z-scores (communes IDF), pas une estimation de marché;77320
1117.0;78565;Saint-Martin-des-Champs;78;commune;78565;304;;;;;;;;;;;;;;;;;;;;aucune source de comptage disponible (voir sources);HEURISTIQUE — moyenne de z-scores (communes IDF), pas une estimation de marché;78790
1118.0;77332;Nantouillet;77;commune;77332;302;;;;;;;;;;;;;;;;;;;;aucune source de comptage disponible (voir sources);HEURISTIQUE — moyenne de z-scores (communes IDF), pas une estimation de marché;77230
1119.0;78076;Boissets;78;commune;78076;301;;;;;;;;;;;;;;;;;;;;aucune source de comptage disponible (voir sources);HEURISTIQUE — moyenne de z-scores (communes IDF), pas une estimation de marché;78910
1120.0;78283;Grandchamp;78;commune;78283;300;;;;;;;;;;;;;;;;;;;;aucune source de comptage disponible (voir sources);HEURISTIQUE — moyenne de z-scores (communes IDF), pas une estimation de marché;78113
1121.0;77461;Thénisy;77;commune;77461;297;;;;;;;;;;;;;;;;;;;;aucune source de comptage disponible (voir sources);HEURISTIQUE — moyenne de z-scores (communes IDF), pas une estimation de marché;77520
1122.0;95151;Chauvry;95;commune;95151;297;;;;;;;;;;;;;;;;;;;;aucune source de comptage disponible (voir sources);HEURISTIQUE — moyenne de z-scores (communes IDF), pas une estimation de marché;95560
1123.0;77310;Montigny-le-Guesdier;77;commune;77310;295;;;;;;;;;;;;;;;;;;;;aucune source de comptage disponible (voir sources);HEURISTIQUE — moyenne de z-scores (communes IDF), pas une estimation de marché;77480
1124.0;77530;Voulton;77;commune;77530;295;;;;;;;;;;;;;;;;;;;;aucune source de comptage disponible (voir sources);HEURISTIQUE — moyenne de z-scores (communes IDF), pas une estimation de marché;77560
1125.0;78196;Davron;78;commune;78196;295;;;;;;;;;;;;;;;;;;;;aucune source de comptage disponible (voir sources);HEURISTIQUE — moyenne de z-scores (communes IDF), pas une estimation de marché;78810
1126.0;78406;Milon-la-Chapelle;78;commune;78406;295;;;;;;;;;;;;;;;;;;;;aucune source de comptage disponible (voir sources);HEURISTIQUE — moyenne de z-scores (communes IDF), pas une estimation de marché;78470
1127.0;91619;Torfou;91;commune;91619;294;;;;;;;;;;;;;;;;;;;;aucune source de comptage disponible (voir sources);HEURISTIQUE — moyenne de z-scores (communes IDF), pas une estimation de marché;91730
1128.0;95301;Haute-Isle;95;commune;95301;293;;;;;;;;;;;;;;;;;;;;aucune source de comptage disponible (voir sources);HEURISTIQUE — moyenne de z-scores (communes IDF), pas une estimation de marché;95780
1129.0;77094;Charmentray;77;commune;77094;291;;;;;;;;;;;;;;;;;;;;aucune source de comptage disponible (voir sources);HEURISTIQUE — moyenne de z-scores (communes IDF), pas une estimation de marché;77410
1130.0;77110;Chenou;77;commune;77110;291;;;;;;;;;;;;;;;;;;;;aucune source de comptage disponible (voir sources);HEURISTIQUE — moyenne de z-scores (communes IDF), pas une estimation de marché;77570
1131.0;77366;Le Plessis-l'Évêque;77;commune;77366;291;;;;;;;;;;;;;;;;;;;;aucune source de comptage disponible (voir sources);HEURISTIQUE — moyenne de z-scores (communes IDF), pas une estimation de marché;77165
1132.0;78070;Boinville-en-Mantois;78;commune;78070;285;;;;;;;;;;;;;;;;;;;;aucune source de comptage disponible (voir sources);HEURISTIQUE — moyenne de z-scores (communes IDF), pas une estimation de marché;78930
1133.0;95610;Théméricourt;95;commune;95610;283;;;;;;;;;;;;;;;;;;;;aucune source de comptage disponible (voir sources);HEURISTIQUE — moyenne de z-scores (communes IDF), pas une estimation de marché;95450
1134.0;95154;Chennevières-lès-Louvres;95;commune;95154;282;;;;;;;;;;;;;;;;;;;;aucune source de comptage disponible (voir sources);HEURISTIQUE — moyenne de z-scores (communes IDF), pas une estimation de marché;95380
1135.0;78009;Allainville;78;commune;78009;281;;;;;;;;;;;;;;;;;;;;aucune source de comptage disponible (voir sources);HEURISTIQUE — moyenne de z-scores (communes IDF), pas une estimation de marché;78660
1136.0;77522;Villiers-sur-Seine;77;commune;77522;278;;;;;;;;;;;;;;;;;;;;aucune source de comptage disponible (voir sources);HEURISTIQUE — moyenne de z-scores (communes IDF), pas une estimation de marché;77114
1137.0;95304;Hédouville;95;commune;95304;278;;;;;;;;;;;;;;;;;;;;aucune source de comptage disponible (voir sources);HEURISTIQUE — moyenne de z-scores (communes IDF), pas une estimation de marché;95690
1138.0;77484;Vaucourtois;77;commune;77484;277;;;;;;;;;;;;;;;;;;;;aucune source de comptage disponible (voir sources);HEURISTIQUE — moyenne de z-scores (communes IDF), pas une estimation de marché;77580
1139.0;91184;Courdimanche-sur-Essonne;91;commune;91184;276;;;;;;;;;;;;;;;;;;;;aucune source de comptage disponible (voir sources);HEURISTIQUE — moyenne de z-scores (communes IDF), pas une estimation de marché;91720
1140.0;78417;Montchauvet;78;commune;78417;275;;;;;;;;;;;;;;;;;;;;aucune source de comptage disponible (voir sources);HEURISTIQUE — moyenne de z-scores (communes IDF), pas une estimation de marché;78790
1141.0;77041;Boissy-aux-Cailles;77;commune;77041;272;;;;;;;;;;;;;;;;;;;;aucune source de comptage disponible (voir sources);HEURISTIQUE — moyenne de z-scores (communes IDF), pas une estimation de marché;77760
1142.0;77066;Cerneux;77;commune;77066;272;;;;;;;;;;;;;;;;;;;;aucune source de comptage disponible (voir sources);HEURISTIQUE — moyenne de z-scores (communes IDF), pas une estimation de marché;77320
1143.0;77523;Villuis;77;commune;77523;272;;;;;;;;;;;;;;;;;;;;aucune source de comptage disponible (voir sources);HEURISTIQUE — moyenne de z-scores (communes IDF), pas une estimation de marché;77480
1144.0;78404;Millemont;78;commune;78404;272;;;;;;;;;;;;;;;;;;;;aucune source de comptage disponible (voir sources);HEURISTIQUE — moyenne de z-scores (communes IDF), pas une estimation de marché;78940
1145.0;91578;Saint-Sulpice-de-Favières;91;commune;91578;272;;;;;;;;;;;;;;;;;;;;aucune source de comptage disponible (voir sources);HEURISTIQUE — moyenne de z-scores (communes IDF), pas une estimation de marché;91910
1146.0;77526;Vincy-Manœuvre;77;commune;77526;271;;;;;;;;;;;;;;;;;;;;aucune source de comptage disponible (voir sources);HEURISTIQUE — moyenne de z-scores (communes IDF), pas une estimation de marché;77139
1147.0;95316;Jagny-sous-Bois;95;commune;95316;269;;;;;;;;;;;;;;;;;;;;aucune source de comptage disponible (voir sources);HEURISTIQUE — moyenne de z-scores (communes IDF), pas une estimation de marché;95850
1148.0;77220;Guercheville;77;commune;77220;268;;;;;;;;;;;;;;;;;;;;aucune source de comptage disponible (voir sources);HEURISTIQUE — moyenne de z-scores (communes IDF), pas une estimation de marché;77760
1149.0;77012;Augers-en-Brie;77;commune;77012;265;;;;;;;;;;;;;;;;;;;;aucune source de comptage disponible (voir sources);HEURISTIQUE — moyenne de z-scores (communes IDF), pas une estimation de marché;77560
1150.0;77416;Saint-Just-en-Brie;77;commune;77416;265;;;;;;;;;;;;;;;;;;;;aucune source de comptage disponible (voir sources);HEURISTIQUE — moyenne de z-scores (communes IDF), pas une estimation de marché;77370
1151.0;95024;Arthies;95;commune;95024;265;;;;;;;;;;;;;;;;;;;;aucune source de comptage disponible (voir sources);HEURISTIQUE — moyenne de z-scores (communes IDF), pas une estimation de marché;95420
1152.0;95110;Brignancourt;95;commune;95110;262;;;;;;;;;;;;;;;;;;;;aucune source de comptage disponible (voir sources);HEURISTIQUE — moyenne de z-scores (communes IDF), pas une estimation de marché;95640
1153.0;77364;Le Plessis-aux-Bois;77;commune;77364;261;;;;;;;;;;;;;;;;;;;;aucune source de comptage disponible (voir sources);HEURISTIQUE — moyenne de z-scores (communes IDF), pas une estimation de marché;77165
1154.0;91508;Puiselet-le-Marais;91;commune;91508;261;;;;;;;;;;;;;;;;;;;;aucune source de comptage disponible (voir sources);HEURISTIQUE — moyenne de z-scores (communes IDF), pas une estimation de marché;91150
1155.0;77140;Coutençon;77;commune;77140;260;;;;;;;;;;;;;;;;;;;;aucune source de comptage disponible (voir sources);HEURISTIQUE — moyenne de z-scores (communes IDF), pas une estimation de marché;77154
1156.0;77314;Montolivet;77;commune;77314;257;;;;;;;;;;;;;;;;;;;;aucune source de comptage disponible (voir sources);HEURISTIQUE — moyenne de z-scores (communes IDF), pas une estimation de marché;77320
1157.0;77424;Saint-Martin-du-Boschet;77;commune;77424;257;;;;;;;;;;;;;;;;;;;;aucune source de comptage disponible (voir sources);HEURISTIQUE — moyenne de z-scores (communes IDF), pas une estimation de marché;77320
1158.0;77190;Fontains;77;commune;77190;256;;;;;;;;;;;;;;;;;;;;aucune source de comptage disponible (voir sources);HEURISTIQUE — moyenne de z-scores (communes IDF), pas une estimation de marché;77370
1159.0;77228;Hondevilliers;77;commune;77228;256;;;;;;;;;;;;;;;;;;;;aucune source de comptage disponible (voir sources);HEURISTIQUE — moyenne de z-scores (communes IDF), pas une estimation de marché;77510
1160.0;77112;Chevrainvilliers;77;commune;77112;255;;;;;;;;;;;;;;;;;;;;aucune source de comptage disponible (voir sources);HEURISTIQUE — moyenne de z-scores (communes IDF), pas une estimation de marché;77760
1161.0;77224;Hautefeuille;77;commune;77224;253;;;;;;;;;;;;;;;;;;;;aucune source de comptage disponible (voir sources);HEURISTIQUE — moyenne de z-scores (communes IDF), pas une estimation de marché;77515
1162.0;77137;Courtacon;77;commune;77137;245;;;;;;;;;;;;;;;;;;;;aucune source de comptage disponible (voir sources);HEURISTIQUE — moyenne de z-scores (communes IDF), pas une estimation de marché;77560
1163.0;77119;Clos-Fontaine;77;commune;77119;244;;;;;;;;;;;;;;;;;;;;aucune source de comptage disponible (voir sources);HEURISTIQUE — moyenne de z-scores (communes IDF), pas une estimation de marché;77370
1164.0;77417;Saint-Léger;77;commune;77417;244;;;;;;;;;;;;;;;;;;;;aucune source de comptage disponible (voir sources);HEURISTIQUE — moyenne de z-scores (communes IDF), pas une estimation de marché;77510
1165.0;77421;Saint-Mars-Vieux-Maisons;77;commune;77421;244;;;;;;;;;;;;;;;;;;;;aucune source de comptage disponible (voir sources);HEURISTIQUE — moyenne de z-scores (communes IDF), pas une estimation de marché;77320
1166.0;78072;Boinvilliers;78;commune;78072;243;;;;;;;;;;;;;;;;;;;;aucune source de comptage disponible (voir sources);HEURISTIQUE — moyenne de z-scores (communes IDF), pas une estimation de marché;78200
1167.0;77348;Ormesson;77;commune;77348;242;;;;;;;;;;;;;;;;;;;;aucune source de comptage disponible (voir sources);HEURISTIQUE — moyenne de z-scores (communes IDF), pas une estimation de marché;77167
1168.0;77518;Villiers-en-Bière;77;commune;77518;242;;;;;;;;;;;;;;;;;;;;aucune source de comptage disponible (voir sources);HEURISTIQUE — moyenne de z-scores (communes IDF), pas une estimation de marché;77190
1169.0;95447;Neuilly-en-Vexin;95;commune;95447;240;;;;;;;;;;;;;;;;;;;;aucune source de comptage disponible (voir sources);HEURISTIQUE — moyenne de z-scores (communes IDF), pas une estimation de marché;95640
1170.0;77090;La Chapelle-Saint-Sulpice;77;commune;77090;239;;;;;;;;;;;;;;;;;;;;aucune source de comptage disponible (voir sources);HEURISTIQUE — moyenne de z-scores (communes IDF), pas une estimation de marché;77160
1171.0;77193;Forfry;77;commune;77193;238;;;;;;;;;;;;;;;;;;;;aucune source de comptage disponible (voir sources);HEURISTIQUE — moyenne de z-scores (communes IDF), pas une estimation de marché;77165
1172.0;91374;Marolles-en-Beauce;91;commune;91374;237;;;;;;;;;;;;;;;;;;;;aucune source de comptage disponible (voir sources);HEURISTIQUE — moyenne de z-scores (communes IDF), pas une estimation de marché;91150
1173.0;77286;Meigneux;77;commune;77286;236;;;;;;;;;;;;;;;;;;;;aucune source de comptage disponible (voir sources);HEURISTIQUE — moyenne de z-scores (communes IDF), pas une estimation de marché;77520
1174.0;95543;Saint-Cyr-en-Arthies;95;commune;95543;236;;;;;;;;;;;;;;;;;;;;aucune source de comptage disponible (voir sources);HEURISTIQUE — moyenne de z-scores (communes IDF), pas une estimation de marché;95510
1175.0;77303;Montdauphin;77;commune;77303;235;;;;;;;;;;;;;;;;;;;;aucune source de comptage disponible (voir sources);HEURISTIQUE — moyenne de z-scores (communes IDF), pas une estimation de marché;77320
1176.0;77476;Trocy-en-Multien;77;commune;77476;233;;;;;;;;;;;;;;;;;;;;aucune source de comptage disponible (voir sources);HEURISTIQUE — moyenne de z-scores (communes IDF), pas une estimation de marché;77440
1177.0;77198;Fromont;77;commune;77198;230;;;;;;;;;;;;;;;;;;;;aucune source de comptage disponible (voir sources);HEURISTIQUE — moyenne de z-scores (communes IDF), pas une estimation de marché;77760
1178.0;77263;Luisetaines;77;commune;77263;229;;;;;;;;;;;;;;;;;;;;aucune source de comptage disponible (voir sources);HEURISTIQUE — moyenne de z-scores (communes IDF), pas une estimation de marché;77520
1179.0;77489;Vaux-sur-Lunain;77;commune;77489;229;;;;;;;;;;;;;;;;;;;;aucune source de comptage disponible (voir sources);HEURISTIQUE — moyenne de z-scores (communes IDF), pas une estimation de marché;77710
1180.0;78194;Dannemarie;78;commune;78194;229;;;;;;;;;;;;;;;;;;;;aucune source de comptage disponible (voir sources);HEURISTIQUE — moyenne de z-scores (communes IDF), pas une estimation de marché;78550
1181.0;78305;Herbeville;78;commune;78305;228;;;;;;;;;;;;;;;;;;;;aucune source de comptage disponible (voir sources);HEURISTIQUE — moyenne de z-scores (communes IDF), pas une estimation de marché;78580
1182.0;77103;Châtillon-la-Borde;77;commune;77103;226;;;;;;;;;;;;;;;;;;;;aucune source de comptage disponible (voir sources);HEURISTIQUE — moyenne de z-scores (communes IDF), pas une estimation de marché;77820
1183.0;95309;Hodent;95;commune;95309;225;;;;;;;;;;;;;;;;;;;;aucune source de comptage disponible (voir sources);HEURISTIQUE — moyenne de z-scores (communes IDF), pas une estimation de marché;95420
1184.0;95054;Le Bellay-en-Vexin;95;commune;95054;224;;;;;;;;;;;;;;;;;;;;aucune source de comptage disponible (voir sources);HEURISTIQUE — moyenne de z-scores (communes IDF), pas une estimation de marché;95750
1185.0;77133;Courcelles-en-Bassée;77;commune;77133;223;;;;;;;;;;;;;;;;;;;;aucune source de comptage disponible (voir sources);HEURISTIQUE — moyenne de z-scores (communes IDF), pas une estimation de marché;77126
1186.0;77033;Bezalles;77;commune;77033;221;;;;;;;;;;;;;;;;;;;;aucune source de comptage disponible (voir sources);HEURISTIQUE — moyenne de z-scores (communes IDF), pas une estimation de marché;77970
1187.0;78478;Paray-Douaville;78;commune;78478;218;;;;;;;;;;;;;;;;;;;;aucune source de comptage disponible (voir sources);HEURISTIQUE — moyenne de z-scores (communes IDF), pas une estimation de marché;78660
1188.0;78385;Ménerville;78;commune;78385;216;;;;;;;;;;;;;;;;;;;;aucune source de comptage disponible (voir sources);HEURISTIQUE — moyenne de z-scores (communes IDF), pas une estimation de marché;78200
1189.0;77068;Cessoy-en-Montois;77;commune;77068;213;;;;;;;;;;;;;;;;;;;;aucune source de comptage disponible (voir sources);HEURISTIQUE — moyenne de z-scores (communes IDF), pas une estimation de marché;77520
1190.0;77313;Montmachoux;77;commune;77313;213;;;;;;;;;;;;;;;;;;;;aucune source de comptage disponible (voir sources);HEURISTIQUE — moyenne de z-scores (communes IDF), pas une estimation de marché;77940
1191.0;95012;Amenucourt;95;commune;95012;212;;;;;;;;;;;;;;;;;;;;aucune source de comptage disponible (voir sources);HEURISTIQUE — moyenne de z-scores (communes IDF), pas une estimation de marché;95510
1192.0;91613;Congerville-Thionville;91;commune;91613;211;;;;;;;;;;;;;;;;;;;;aucune source de comptage disponible (voir sources);HEURISTIQUE — moyenne de z-scores (communes IDF), pas une estimation de marché;91740
1193.0;77467;La Tombe;77;commune;77467;208;;;;;;;;;;;;;;;;;;;;aucune source de comptage disponible (voir sources);HEURISTIQUE — moyenne de z-scores (communes IDF), pas une estimation de marché;77130
1194.0;95379;Maudétour-en-Vexin;95;commune;95379;208;;;;;;;;;;;;;;;;;;;;aucune source de comptage disponible (voir sources);HEURISTIQUE — moyenne de z-scores (communes IDF), pas une estimation de marché;95420
1195.0;95303;Le Heaulme;95;commune;95303;207;;;;;;;;;;;;;;;;;;;;aucune source de comptage disponible (voir sources);HEURISTIQUE — moyenne de z-scores (communes IDF), pas une estimation de marché;95640
1196.0;77080;Champcenest;77;commune;77080;205;;;;;;;;;;;;;;;;;;;;aucune source de comptage disponible (voir sources);HEURISTIQUE — moyenne de z-scores (communes IDF), pas une estimation de marché;77560
1197.0;95682;Villiers-le-Sec;95;commune;95682;205;;;;;;;;;;;;;;;;;;;;aucune source de comptage disponible (voir sources);HEURISTIQUE — moyenne de z-scores (communes IDF), pas une estimation de marché;95720
1198.0;77204;Germigny-sous-Coulombs;77;commune;77204;201;;;;;;;;;;;;;;;;;;;;aucune source de comptage disponible (voir sources);HEURISTIQUE — moyenne de z-scores (communes IDF), pas une estimation de marché;77840
1199.0;77481;Vanvillé;77;commune;77481;197;;;;;;;;;;;;;;;;;;;;aucune source de comptage disponible (voir sources);HEURISTIQUE — moyenne de z-scores (communes IDF), pas une estimation de marché;77370
1200.0;95331;Lassy;95;commune;95331;196;;;;;;;;;;;;;;;;;;;;aucune source de comptage disponible (voir sources);HEURISTIQUE — moyenne de z-scores (communes IDF), pas une estimation de marché;95270
1201.0;77158;Diant;77;commune;77158;194;;;;;;;;;;;;;;;;;;;;aucune source de comptage disponible (voir sources);HEURISTIQUE — moyenne de z-scores (communes IDF), pas une estimation de marché;77940
1202.0;77496;Vieux-Champagne;77;commune;77496;192;;;;;;;;;;;;;;;;;;;;aucune source de comptage disponible (voir sources);HEURISTIQUE — moyenne de z-scores (communes IDF), pas une estimation de marché;77370
1203.0;91240;Fontaine-la-Rivière;91;commune;91240;192;;;;;;;;;;;;;;;;;;;;aucune source de comptage disponible (voir sources);HEURISTIQUE — moyenne de z-scores (communes IDF), pas une estimation de marché;91690
1204.0;77087;La Chapelle-Iger;77;commune;77087;191;;;;;;;;;;;;;;;;;;;;aucune source de comptage disponible (voir sources);HEURISTIQUE — moyenne de z-scores (communes IDF), pas une estimation de marché;77540
1205.0;77206;Giremoutiers;77;commune;77206;188;;;;;;;;;;;;;;;;;;;;aucune source de comptage disponible (voir sources);HEURISTIQUE — moyenne de z-scores (communes IDF), pas une estimation de marché;77120
1206.0;77355;Paroy;77;commune;77355;187;;;;;;;;;;;;;;;;;;;;aucune source de comptage disponible (voir sources);HEURISTIQUE — moyenne de z-scores (communes IDF), pas une estimation de marché;77520
1207.0;77029;Beauvoir;77;commune;77029;185;;;;;;;;;;;;;;;;;;;;aucune source de comptage disponible (voir sources);HEURISTIQUE — moyenne de z-scores (communes IDF), pas une estimation de marché;77390
1208.0;77136;Courquetaine;77;commune;77136;184;;;;;;;;;;;;;;;;;;;;aucune source de comptage disponible (voir sources);HEURISTIQUE — moyenne de z-scores (communes IDF), pas une estimation de marché;77390
1209.0;78234;Flacourt;78;commune;78234;184;;;;;;;;;;;;;;;;;;;;aucune source de comptage disponible (voir sources);HEURISTIQUE — moyenne de z-scores (communes IDF), pas une estimation de marché;78200
1210.0;91399;Mespuits;91;commune;91399;184;;;;;;;;;;;;;;;;;;;;aucune source de comptage disponible (voir sources);HEURISTIQUE — moyenne de z-scores (communes IDF), pas une estimation de marché;91150
1211.0;77256;Lizines;77;commune;77256;174;;;;;;;;;;;;;;;;;;;;aucune source de comptage disponible (voir sources);HEURISTIQUE — moyenne de z-scores (communes IDF), pas une estimation de marché;77650
1212.0;77197;Frétoy;77;commune;77197;173;;;;;;;;;;;;;;;;;;;;aucune source de comptage disponible (voir sources);HEURISTIQUE — moyenne de z-scores (communes IDF), pas une estimation de marché;77320
1213.0;77250;Leudon-en-Brie;77;commune;77250;168;;;;;;;;;;;;;;;;;;;;aucune source de comptage disponible (voir sources);HEURISTIQUE — moyenne de z-scores (communes IDF), pas une estimation de marché;77320
1214.0;77207;Gironville;77;commune;77207;166;;;;;;;;;;;;;;;;;;;;aucune source de comptage disponible (voir sources);HEURISTIQUE — moyenne de z-scores (communes IDF), pas une estimation de marché;77890
1215.0;78237;Flins-Neuve-Église;78;commune;78237;162;;;;;;;;;;;;;;;;;;;;aucune source de comptage disponible (voir sources);HEURISTIQUE — moyenne de z-scores (communes IDF), pas une estimation de marché;78790
1216.0;95295;Guiry-en-Vexin;95;commune;95295;161;;;;;;;;;;;;;;;;;;;;aucune source de comptage disponible (voir sources);HEURISTIQUE — moyenne de z-scores (communes IDF), pas une estimation de marché;95450
1217.0;77230;Ichy;77;commune;77230;157;;;;;;;;;;;;;;;;;;;;aucune source de comptage disponible (voir sources);HEURISTIQUE — moyenne de z-scores (communes IDF), pas une estimation de marché;77890
1218.0;78231;Favrieux;78;commune;78231;157;;;;;;;;;;;;;;;;;;;;aucune source de comptage disponible (voir sources);HEURISTIQUE — moyenne de z-scores (communes IDF), pas une estimation de marché;78200
1219.0;78302;La Hauteville;78;commune;78302;157;;;;;;;;;;;;;;;;;;;;aucune source de comptage disponible (voir sources);HEURISTIQUE — moyenne de z-scores (communes IDF), pas une estimation de marché;78113
1220.0;77212;Gravon;77;commune;77212;156;;;;;;;;;;;;;;;;;;;;aucune source de comptage disponible (voir sources);HEURISTIQUE — moyenne de z-scores (communes IDF), pas une estimation de marché;77118
1221.0;95212;Épiais-lès-Louvres;95;commune;95212;156;;;;;;;;;;;;;;;;;;;;aucune source de comptage disponible (voir sources);HEURISTIQUE — moyenne de z-scores (communes IDF), pas une estimation de marché;95380
1222.0;77102;Châtenoy;77;commune;77102;155;;;;;;;;;;;;;;;;;;;;aucune source de comptage disponible (voir sources);HEURISTIQUE — moyenne de z-scores (communes IDF), pas une estimation de marché;77167
1223.0;77021;Barbey;77;commune;77021;153;;;;;;;;;;;;;;;;;;;;aucune source de comptage disponible (voir sources);HEURISTIQUE — moyenne de z-scores (communes IDF), pas une estimation de marché;77130
1224.0;77275;Les Marêts;77;commune;77275;152;;;;;;;;;;;;;;;;;;;;aucune source de comptage disponible (voir sources);HEURISTIQUE — moyenne de z-scores (communes IDF), pas une estimation de marché;77560
1225.0;95493;Le Plessis-Luzarches;95;commune;95493;152;;;;;;;;;;;;;;;;;;;;aucune source de comptage disponible (voir sources);HEURISTIQUE — moyenne de z-scores (communes IDF), pas une estimation de marché;95270
1226.0;77134;Courchamp;77;commune;77134;151;;;;;;;;;;;;;;;;;;;;aucune source de comptage disponible (voir sources);HEURISTIQUE — moyenne de z-scores (communes IDF), pas une estimation de marché;77560
1227.0;77056;Burcy;77;commune;77056;150;;;;;;;;;;;;;;;;;;;;aucune source de comptage disponible (voir sources);HEURISTIQUE — moyenne de z-scores (communes IDF), pas une estimation de marché;77760
1228.0;91248;La Forêt-Sainte-Croix;91;commune;91248;148;;;;;;;;;;;;;;;;;;;;aucune source de comptage disponible (voir sources);HEURISTIQUE — moyenne de z-scores (communes IDF), pas une estimation de marché;91150
1229.0;95046;Banthelu;95;commune;95046;146;;;;;;;;;;;;;;;;;;;;aucune source de comptage disponible (voir sources);HEURISTIQUE — moyenne de z-scores (communes IDF), pas une estimation de marché;95420
1230.0;77009;Arville;77;commune;77009;145;;;;;;;;;;;;;;;;;;;;aucune source de comptage disponible (voir sources);HEURISTIQUE — moyenne de z-scores (communes IDF), pas une estimation de marché;77890
1231.0;77205;Gesvres-le-Chapitre;77;commune;77205;145;;;;;;;;;;;;;;;;;;;;aucune source de comptage disponible (voir sources);HEURISTIQUE — moyenne de z-scores (communes IDF), pas une estimation de marché;77165
1232.0;77271;Maisoncelles-en-Gâtinais;77;commune;77271;141;;;;;;;;;;;;;;;;;;;;aucune source de comptage disponible (voir sources);HEURISTIQUE — moyenne de z-scores (communes IDF), pas une estimation de marché;77570
1233.0;91473;Orveau;91;commune;91473;141;;;;;;;;;;;;;;;;;;;;aucune source de comptage disponible (voir sources);HEURISTIQUE — moyenne de z-scores (communes IDF), pas une estimation de marché;91590
1234.0;77319;Mortery;77;commune;77319;137;;;;;;;;;;;;;;;;;;;;aucune source de comptage disponible (voir sources);HEURISTIQUE — moyenne de z-scores (communes IDF), pas une estimation de marché;77160
1235.0;78608;Le Tertre-Saint-Denis;78;commune;78608;137;;;;;;;;;;;;;;;;;;;;aucune source de comptage disponible (voir sources);HEURISTIQUE — moyenne de z-scores (communes IDF), pas une estimation de marché;78980
1236.0;95157;Chérence;95;commune;95157;137;;;;;;;;;;;;;;;;;;;;aucune source de comptage disponible (voir sources);HEURISTIQUE — moyenne de z-scores (communes IDF), pas une estimation de marché;95510
1237.0;91112;Brouy;91;commune;91112;134;;;;;;;;;;;;;;;;;;;;aucune source de comptage disponible (voir sources);HEURISTIQUE — moyenne de z-scores (communes IDF), pas une estimation de marché;91150
1238.0;91148;Chauffour-lès-Étréchy;91;commune;91148;132;;;;;;;;;;;;;;;;;;;;aucune source de comptage disponible (voir sources);HEURISTIQUE — moyenne de z-scores (communes IDF), pas une estimation de marché;91580
1239.0;77036;Boisdon;77;commune;77036;131;;;;;;;;;;;;;;;;;;;;aucune source de comptage disponible (voir sources);HEURISTIQUE — moyenne de z-scores (communes IDF), pas une estimation de marché;77970
1240.0;78439;Mulcent;78;commune;78439;128;;;;;;;;;;;;;;;;;;;;aucune source de comptage disponible (voir sources);HEURISTIQUE — moyenne de z-scores (communes IDF), pas une estimation de marché;78790
1241.0;77342;Obsonville;77;commune;77342;126;;;;;;;;;;;;;;;;;;;;aucune source de comptage disponible (voir sources);HEURISTIQUE — moyenne de z-scores (communes IDF), pas une estimation de marché;77890
1242.0;77395;Rumont;77;commune;77395;125;;;;;;;;;;;;;;;;;;;;aucune source de comptage disponible (voir sources);HEURISTIQUE — moyenne de z-scores (communes IDF), pas une estimation de marché;77760
1243.0;77200;Garentreville;77;commune;77200;123;;;;;;;;;;;;;;;;;;;;aucune source de comptage disponible (voir sources);HEURISTIQUE — moyenne de z-scores (communes IDF), pas une estimation de marché;77890
1244.0;77218;Grisy-sur-Seine;77;commune;77218;123;;;;;;;;;;;;;;;;;;;;aucune source de comptage disponible (voir sources);HEURISTIQUE — moyenne de z-scores (communes IDF), pas une estimation de marché;77480
1245.0;78518;Rennemoulin;78;commune;78518;116;;;;;;;;;;;;;;;;;;;;aucune source de comptage disponible (voir sources);HEURISTIQUE — moyenne de z-scores (communes IDF), pas une estimation de marché;78590
1246.0;91022;Arrancourt;91;commune;91022;115;;;;;;;;;;;;;;;;;;;;aucune source de comptage disponible (voir sources);HEURISTIQUE — moyenne de z-scores (communes IDF), pas une estimation de marché;91690
1247.0;77015;Baby;77;commune;77015;113;;;;;;;;;;;;;;;;;;;;aucune source de comptage disponible (voir sources);HEURISTIQUE — moyenne de z-scores (communes IDF), pas une estimation de marché;77480
1248.0;91526;Roinvilliers;91;commune;91526;112;;;;;;;;;;;;;;;;;;;;aucune source de comptage disponible (voir sources);HEURISTIQUE — moyenne de z-scores (communes IDF), pas une estimation de marché;91150
1249.0;91067;Blandy;91;commune;91067;111;;;;;;;;;;;;;;;;;;;;aucune source de comptage disponible (voir sources);HEURISTIQUE — moyenne de z-scores (communes IDF), pas une estimation de marché;91150
1250.0;95438;Moussy;95;commune;95438;108;;;;;;;;;;;;;;;;;;;;aucune source de comptage disponible (voir sources);HEURISTIQUE — moyenne de z-scores (communes IDF), pas une estimation de marché;95640
1251.0;77396;Rupéreux;77;commune;77396;106;;;;;;;;;;;;;;;;;;;;aucune source de comptage disponible (voir sources);HEURISTIQUE — moyenne de z-scores (communes IDF), pas une estimation de marché;77560
1252.0;95633;Vaudherland;95;commune;95633;104;;;;;;;;;;;;;;;;;;;;aucune source de comptage disponible (voir sources);HEURISTIQUE — moyenne de z-scores (communes IDF), pas une estimation de marché;95500
1253.0;95492;Le Plessis-Gassot;95;commune;95492;102;;;;;;;;;;;;;;;;;;;;aucune source de comptage disponible (voir sources);HEURISTIQUE — moyenne de z-scores (communes IDF), pas une estimation de marché;95720
1254.0;91075;Bois-Herpin;91;commune;91075;81;;;;;;;;;;;;;;;;;;;;aucune source de comptage disponible (voir sources);HEURISTIQUE — moyenne de z-scores (communes IDF), pas une estimation de marché;91150
1255.0;77532;Vulaines-lès-Provins;77;commune;77532;80;;;;;;;;;;;;;;;;;;;;aucune source de comptage disponible (voir sources);HEURISTIQUE — moyenne de z-scores (communes IDF), pas une estimation de marché;77160
1256.0;91145;Chatignonville;91;commune;91145;72;;;;;;;;;;;;;;;;;;;;aucune source de comptage disponible (voir sources);HEURISTIQUE — moyenne de z-scores (communes IDF), pas une estimation de marché;91410
1257.0;95144;Châtenay-en-France;95;commune;95144;68;;;;;;;;;;;;;;;;;;;;aucune source de comptage disponible (voir sources);HEURISTIQUE — moyenne de z-scores (communes IDF), pas une estimation de marché;95190
1258.0;77452;Sigy;77;commune;77452;66;;;;;;;;;;;;;;;;;;;;aucune source de comptage disponible (voir sources);HEURISTIQUE — moyenne de z-scores (communes IDF), pas une estimation de marché;77520
1259.0;78264;Gambaiseuil;78;commune;78264;64;;;;;;;;;;;;;;;;;;;;aucune source de comptage disponible (voir sources);HEURISTIQUE — moyenne de z-scores (communes IDF), pas une estimation de marché;78490
1260.0;95387;Menouville;95;commune;95387;62;;;;;;;;;;;;;;;;;;;;aucune source de comptage disponible (voir sources);HEURISTIQUE — moyenne de z-scores (communes IDF), pas une estimation de marché;95810
1261.0;95214;Épinay-Champlâtreux;95;commune;95214;57;;;;;;;;;;;;;;;;;;;;aucune source de comptage disponible (voir sources);HEURISTIQUE — moyenne de z-scores (communes IDF), pas une estimation de marché;95270
1262.0;95611;Theuville;95;commune;95611;53;;;;;;;;;;;;;;;;;;;;aucune source de comptage disponible (voir sources);HEURISTIQUE — moyenne de z-scores (communes IDF), pas une estimation de marché;95810
1263.0;77356;Passy-sur-Seine;77;commune;77356;49;;;;;;;;;;;;;;;;;;;;aucune source de comptage disponible (voir sources);HEURISTIQUE — moyenne de z-scores (communes IDF), pas une estimation de marché;77480
1264.0;78606;Le Tartre-Gaudran;78;commune;78606;37;;;;;;;;;;;;;;;;;;;;aucune source de comptage disponible (voir sources);HEURISTIQUE — moyenne de z-scores (communes IDF), pas une estimation de marché;78113
1265.0;77304;Montenils;77;commune;77304;34;;;;;;;;;;;;;;;;;;;;aucune source de comptage disponible (voir sources);HEURISTIQUE — moyenne de z-scores (communes IDF), pas une estimation de marché;77320
1266.0;95141;Charmont;95;commune;95141;32;;;;;;;;;;;;;;;;;;;;aucune source de comptage disponible (voir sources);HEURISTIQUE — moyenne de z-scores (communes IDF), pas une estimation de marché;95420
